CB_FreeSpace	https://support.hdfgroup.org/documentation/hdf5/latest/_files.html#CB_FreeSpace
CB_LargeAttributes	https://support.hdfgroup.org/documentation/hdf5/latest/_attributes.html#CB_LargeAttributes
CB_MDCPerf	https://support.hdfgroup.org/documentation/hdf5/latest/_performance.html#CB_MDCPerf
CB_MaintainCompat	https://support.hdfgroup.org/documentation/hdf5/latest/_accessibility.html#CB_MaintainCompat
CB_RemoveUnusedSpace	https://support.hdfgroup.org/documentation/hdf5/latest/_files.html#CB_RemoveUnusedSpace
CB_UserBlock	https://support.hdfgroup.org/documentation/hdf5/latest/_files.html#CB_UserBlock
FI211	https://support.hdfgroup.org/documentation/hdf5/latest/_h5_f_i_m__u_g.html#FI211
FI212	https://support.hdfgroup.org/documentation/hdf5/latest/_h5_f_i_m__u_g.html#FI212
FI213	https://support.hdfgroup.org/documentation/hdf5/latest/_h5_f_i_m__u_g.html#FI213
FI214	https://support.hdfgroup.org/documentation/hdf5/latest/_h5_f_i_m__u_g.html#FI214
FI215	https://support.hdfgroup.org/documentation/hdf5/latest/_h5_f_i_m__u_g.html#FI215
FI216	https://support.hdfgroup.org/documentation/hdf5/latest/_h5_f_i_m__u_g.html#FI216
FI221	https://support.hdfgroup.org/documentation/hdf5/latest/_h5_f_i_m__u_g.html#FI221
FI311	https://support.hdfgroup.org/documentation/hdf5/latest/_h5_f_i_m__u_g.html#FI311
FI312	https://support.hdfgroup.org/documentation/hdf5/latest/_h5_f_i_m__u_g.html#FI312
FI313	https://support.hdfgroup.org/documentation/hdf5/latest/_h5_f_i_m__u_g.html#FI313
FI321	https://support.hdfgroup.org/documentation/hdf5/latest/_h5_f_i_m__u_g.html#FI321
FITable2	https://support.hdfgroup.org/documentation/hdf5/latest/_h5_f_i_m__u_g.html#FITable2
FITable3	https://support.hdfgroup.org/documentation/hdf5/latest/_h5_f_i_m__u_g.html#FITable3
FITable4	https://support.hdfgroup.org/documentation/hdf5/latest/_h5_f_i_m__u_g.html#FITable4
FMT11Footnote1Change	https://support.hdfgroup.org/documentation/hdf5/latest/_f_m_t11.html#FMT11Footnote1Change
FMT11UndefinedAddress	https://support.hdfgroup.org/documentation/hdf5/latest/_f_m_t11.html#FMT11UndefinedAddress
FMT11UnlimitedDim	https://support.hdfgroup.org/documentation/hdf5/latest/_f_m_t11.html#FMT11UnlimitedDim
FMT2Footnote1Change	https://support.hdfgroup.org/documentation/hdf5/latest/_f_m_t2.html#FMT2Footnote1Change
FMT2UndefinedAddress	https://support.hdfgroup.org/documentation/hdf5/latest/_f_m_t2.html#FMT2UndefinedAddress
FMT2UnlimitedDim	https://support.hdfgroup.org/documentation/hdf5/latest/_f_m_t2.html#FMT2UnlimitedDim
FMT3ChunkIndex	https://support.hdfgroup.org/documentation/hdf5/latest/_f_m_t3.html#FMT3ChunkIndex
FMT3ChunkedStorage	https://support.hdfgroup.org/documentation/hdf5/latest/_f_m_t3.html#FMT3ChunkedStorage
FMT3ClassArray	https://support.hdfgroup.org/documentation/hdf5/latest/_f_m_t3.html#FMT3ClassArray
FMT3ClassBitField	https://support.hdfgroup.org/documentation/hdf5/latest/_f_m_t3.html#FMT3ClassBitField
FMT3ClassComplex	https://support.hdfgroup.org/documentation/hdf5/latest/_f_m_t3.html#FMT3ClassComplex
FMT3ClassCompound	https://support.hdfgroup.org/documentation/hdf5/latest/_f_m_t3.html#FMT3ClassCompound
FMT3ClassEnum	https://support.hdfgroup.org/documentation/hdf5/latest/_f_m_t3.html#FMT3ClassEnum
FMT3ClassFixedPoint	https://support.hdfgroup.org/documentation/hdf5/latest/_f_m_t3.html#FMT3ClassFixedPoint
FMT3ClassFloatingPoint	https://support.hdfgroup.org/documentation/hdf5/latest/_f_m_t3.html#FMT3ClassFloatingPoint
FMT3ClassOpaque	https://support.hdfgroup.org/documentation/hdf5/latest/_f_m_t3.html#FMT3ClassOpaque
FMT3ClassReference	https://support.hdfgroup.org/documentation/hdf5/latest/_f_m_t3.html#FMT3ClassReference
FMT3ClassString	https://support.hdfgroup.org/documentation/hdf5/latest/_f_m_t3.html#FMT3ClassString
FMT3ClassTime	https://support.hdfgroup.org/documentation/hdf5/latest/_f_m_t3.html#FMT3ClassTime
FMT3ClassVarLen	https://support.hdfgroup.org/documentation/hdf5/latest/_f_m_t3.html#FMT3ClassVarLen
FMT3CompactStorage	https://support.hdfgroup.org/documentation/hdf5/latest/_f_m_t3.html#FMT3CompactStorage
FMT3ContiguousStorage	https://support.hdfgroup.org/documentation/hdf5/latest/_f_m_t3.html#FMT3ContiguousStorage
FMT3DataLayoutV4	https://support.hdfgroup.org/documentation/hdf5/latest/_f_m_t3.html#FMT3DataLayoutV4
FMT3DataspaceSEL	https://support.hdfgroup.org/documentation/hdf5/latest/_f_m_t3.html#FMT3DataspaceSEL
FMT3EaFilterChunk	https://support.hdfgroup.org/documentation/hdf5/latest/_f_m_t3.html#FMT3EaFilterChunk
FMT3EaNonFilterChunk	https://support.hdfgroup.org/documentation/hdf5/latest/_f_m_t3.html#FMT3EaNonFilterChunk
FMT3FADataBlockPage	https://support.hdfgroup.org/documentation/hdf5/latest/_f_m_t3.html#FMT3FADataBlockPage
FMT3FaFilterChunk	https://support.hdfgroup.org/documentation/hdf5/latest/_f_m_t3.html#FMT3FaFilterChunk
FMT3FaNonFilterChunk	https://support.hdfgroup.org/documentation/hdf5/latest/_f_m_t3.html#FMT3FaNonFilterChunk
FMT3Footnote1Change	https://support.hdfgroup.org/documentation/hdf5/latest/_f_m_t3.html#FMT3Footnote1Change
FMT3GlobalHeapID	https://support.hdfgroup.org/documentation/hdf5/latest/_f_m_t3.html#FMT3GlobalHeapID
FMT3IndexInfoExtensible	https://support.hdfgroup.org/documentation/hdf5/latest/_f_m_t3.html#FMT3IndexInfoExtensible
FMT3IndexInfoFixed	https://support.hdfgroup.org/documentation/hdf5/latest/_f_m_t3.html#FMT3IndexInfoFixed
FMT3IndexInfoImplicit	https://support.hdfgroup.org/documentation/hdf5/latest/_f_m_t3.html#FMT3IndexInfoImplicit
FMT3IndexInfoSingle	https://support.hdfgroup.org/documentation/hdf5/latest/_f_m_t3.html#FMT3IndexInfoSingle
FMT3IndexInfoV2Btrees	https://support.hdfgroup.org/documentation/hdf5/latest/_f_m_t3.html#FMT3IndexInfoV2Btrees
FMT3SelALL	https://support.hdfgroup.org/documentation/hdf5/latest/_f_m_t3.html#FMT3SelALL
FMT3SelHYPER	https://support.hdfgroup.org/documentation/hdf5/latest/_f_m_t3.html#FMT3SelHYPER
FMT3SelHYPERV1	https://support.hdfgroup.org/documentation/hdf5/latest/_f_m_t3.html#FMT3SelHYPERV1
FMT3SelHYPERV2	https://support.hdfgroup.org/documentation/hdf5/latest/_f_m_t3.html#FMT3SelHYPERV2
FMT3SelHYPERV3	https://support.hdfgroup.org/documentation/hdf5/latest/_f_m_t3.html#FMT3SelHYPERV3
FMT3SelHYPERV3IRREG	https://support.hdfgroup.org/documentation/hdf5/latest/_f_m_t3.html#FMT3SelHYPERV3IRREG
FMT3SelHYPERV3REG	https://support.hdfgroup.org/documentation/hdf5/latest/_f_m_t3.html#FMT3SelHYPERV3REG
FMT3SelNONE	https://support.hdfgroup.org/documentation/hdf5/latest/_f_m_t3.html#FMT3SelNONE
FMT3SelPOINTS	https://support.hdfgroup.org/documentation/hdf5/latest/_f_m_t3.html#FMT3SelPOINTS
FMT3SelPOINTSV1	https://support.hdfgroup.org/documentation/hdf5/latest/_f_m_t3.html#FMT3SelPOINTSV1
FMT3SelPOINTSV2	https://support.hdfgroup.org/documentation/hdf5/latest/_f_m_t3.html#FMT3SelPOINTSV2
FMT3SizeOfLengthsV0	https://support.hdfgroup.org/documentation/hdf5/latest/_f_m_t3.html#FMT3SizeOfLengthsV0
FMT3SizeOfOffsetsV0	https://support.hdfgroup.org/documentation/hdf5/latest/_f_m_t3.html#FMT3SizeOfOffsetsV0
FMT3UndefinedAddress	https://support.hdfgroup.org/documentation/hdf5/latest/_f_m_t3.html#FMT3UndefinedAddress
FMT3UnlimitedDim	https://support.hdfgroup.org/documentation/hdf5/latest/_f_m_t3.html#FMT3UnlimitedDim
FMT3V2BtType10	https://support.hdfgroup.org/documentation/hdf5/latest/_f_m_t3.html#FMT3V2BtType10
FMT3V2BtType11	https://support.hdfgroup.org/documentation/hdf5/latest/_f_m_t3.html#FMT3V2BtType11
FMT3VirtualStorage	https://support.hdfgroup.org/documentation/hdf5/latest/_f_m_t3.html#FMT3VirtualStorage
FMT4AttrV2Data	https://support.hdfgroup.org/documentation/hdf5/latest/_f_m_t4.html#FMT4AttrV2Data
FMT4AttrV2Dataspace	https://support.hdfgroup.org/documentation/hdf5/latest/_f_m_t4.html#FMT4AttrV2Dataspace
FMT4AttrV2DataspaceSize	https://support.hdfgroup.org/documentation/hdf5/latest/_f_m_t4.html#FMT4AttrV2DataspaceSize
FMT4AttrV2Datatype	https://support.hdfgroup.org/documentation/hdf5/latest/_f_m_t4.html#FMT4AttrV2Datatype
FMT4AttrV2DatatypeSize	https://support.hdfgroup.org/documentation/hdf5/latest/_f_m_t4.html#FMT4AttrV2DatatypeSize
FMT4AttrV2Flags	https://support.hdfgroup.org/documentation/hdf5/latest/_f_m_t4.html#FMT4AttrV2Flags
FMT4AttrV2Name	https://support.hdfgroup.org/documentation/hdf5/latest/_f_m_t4.html#FMT4AttrV2Name
FMT4AttrV2NameSize	https://support.hdfgroup.org/documentation/hdf5/latest/_f_m_t4.html#FMT4AttrV2NameSize
FMT4ChunkIndex	https://support.hdfgroup.org/documentation/hdf5/latest/_f_m_t4.html#FMT4ChunkIndex
FMT4ChunkedStorage	https://support.hdfgroup.org/documentation/hdf5/latest/_f_m_t4.html#FMT4ChunkedStorage
FMT4ClassArray	https://support.hdfgroup.org/documentation/hdf5/latest/_f_m_t4.html#FMT4ClassArray
FMT4ClassBitField	https://support.hdfgroup.org/documentation/hdf5/latest/_f_m_t4.html#FMT4ClassBitField
FMT4ClassComplex	https://support.hdfgroup.org/documentation/hdf5/latest/_f_m_t4.html#FMT4ClassComplex
FMT4ClassCompound	https://support.hdfgroup.org/documentation/hdf5/latest/_f_m_t4.html#FMT4ClassCompound
FMT4ClassEnum	https://support.hdfgroup.org/documentation/hdf5/latest/_f_m_t4.html#FMT4ClassEnum
FMT4ClassFixedPoint	https://support.hdfgroup.org/documentation/hdf5/latest/_f_m_t4.html#FMT4ClassFixedPoint
FMT4ClassFloatingPoint	https://support.hdfgroup.org/documentation/hdf5/latest/_f_m_t4.html#FMT4ClassFloatingPoint
FMT4ClassOpaque	https://support.hdfgroup.org/documentation/hdf5/latest/_f_m_t4.html#FMT4ClassOpaque
FMT4ClassReference	https://support.hdfgroup.org/documentation/hdf5/latest/_f_m_t4.html#FMT4ClassReference
FMT4ClassString	https://support.hdfgroup.org/documentation/hdf5/latest/_f_m_t4.html#FMT4ClassString
FMT4ClassTime	https://support.hdfgroup.org/documentation/hdf5/latest/_f_m_t4.html#FMT4ClassTime
FMT4ClassVarLen	https://support.hdfgroup.org/documentation/hdf5/latest/_f_m_t4.html#FMT4ClassVarLen
FMT4CompactStorage	https://support.hdfgroup.org/documentation/hdf5/latest/_f_m_t4.html#FMT4CompactStorage
FMT4ContiguousStorage	https://support.hdfgroup.org/documentation/hdf5/latest/_f_m_t4.html#FMT4ContiguousStorage
FMT4DataLayoutV4	https://support.hdfgroup.org/documentation/hdf5/latest/_f_m_t4.html#FMT4DataLayoutV4
FMT4DataspaceSEL	https://support.hdfgroup.org/documentation/hdf5/latest/_f_m_t4.html#FMT4DataspaceSEL
FMT4DimInfoN	https://support.hdfgroup.org/documentation/hdf5/latest/_f_m_t4.html#FMT4DimInfoN
FMT4Dimensionality	https://support.hdfgroup.org/documentation/hdf5/latest/_f_m_t4.html#FMT4Dimensionality
FMT4DsetElmSz	https://support.hdfgroup.org/documentation/hdf5/latest/_f_m_t4.html#FMT4DsetElmSz
FMT4EaFilterChunk	https://support.hdfgroup.org/documentation/hdf5/latest/_f_m_t4.html#FMT4EaFilterChunk
FMT4EaNonFilterChunk	https://support.hdfgroup.org/documentation/hdf5/latest/_f_m_t4.html#FMT4EaNonFilterChunk
FMT4FADataBlockPage	https://support.hdfgroup.org/documentation/hdf5/latest/_f_m_t4.html#FMT4FADataBlockPage
FMT4FaFilterChunk	https://support.hdfgroup.org/documentation/hdf5/latest/_f_m_t4.html#FMT4FaFilterChunk
FMT4FaNonFilterChunk	https://support.hdfgroup.org/documentation/hdf5/latest/_f_m_t4.html#FMT4FaNonFilterChunk
FMT4Footnote1Change	https://support.hdfgroup.org/documentation/hdf5/latest/_f_m_t4.html#FMT4Footnote1Change
FMT4GlobalHeapID	https://support.hdfgroup.org/documentation/hdf5/latest/_f_m_t4.html#FMT4GlobalHeapID
FMT4IndexInfoExtensible	https://support.hdfgroup.org/documentation/hdf5/latest/_f_m_t4.html#FMT4IndexInfoExtensible
FMT4IndexInfoFixed	https://support.hdfgroup.org/documentation/hdf5/latest/_f_m_t4.html#FMT4IndexInfoFixed
FMT4IndexInfoImplicit	https://support.hdfgroup.org/documentation/hdf5/latest/_f_m_t4.html#FMT4IndexInfoImplicit
FMT4IndexInfoSingle	https://support.hdfgroup.org/documentation/hdf5/latest/_f_m_t4.html#FMT4IndexInfoSingle
FMT4IndexInfoV2Btrees	https://support.hdfgroup.org/documentation/hdf5/latest/_f_m_t4.html#FMT4IndexInfoV2Btrees
FMT4OhdrChunkDef	https://support.hdfgroup.org/documentation/hdf5/latest/_f_m_t4.html#FMT4OhdrChunkDef
FMT4SelALL	https://support.hdfgroup.org/documentation/hdf5/latest/_f_m_t4.html#FMT4SelALL
FMT4SelHYPER	https://support.hdfgroup.org/documentation/hdf5/latest/_f_m_t4.html#FMT4SelHYPER
FMT4SelHYPERV1	https://support.hdfgroup.org/documentation/hdf5/latest/_f_m_t4.html#FMT4SelHYPERV1
FMT4SelHYPERV2	https://support.hdfgroup.org/documentation/hdf5/latest/_f_m_t4.html#FMT4SelHYPERV2
FMT4SelHYPERV3	https://support.hdfgroup.org/documentation/hdf5/latest/_f_m_t4.html#FMT4SelHYPERV3
FMT4SelHYPERV3IRREG	https://support.hdfgroup.org/documentation/hdf5/latest/_f_m_t4.html#FMT4SelHYPERV3IRREG
FMT4SelHYPERV3REG	https://support.hdfgroup.org/documentation/hdf5/latest/_f_m_t4.html#FMT4SelHYPERV3REG
FMT4SelNONE	https://support.hdfgroup.org/documentation/hdf5/latest/_f_m_t4.html#FMT4SelNONE
FMT4SelPOINTS	https://support.hdfgroup.org/documentation/hdf5/latest/_f_m_t4.html#FMT4SelPOINTS
FMT4SelPOINTSV1	https://support.hdfgroup.org/documentation/hdf5/latest/_f_m_t4.html#FMT4SelPOINTSV1
FMT4SelPOINTSV2	https://support.hdfgroup.org/documentation/hdf5/latest/_f_m_t4.html#FMT4SelPOINTSV2
FMT4SizeOfLengthsV0	https://support.hdfgroup.org/documentation/hdf5/latest/_f_m_t4.html#FMT4SizeOfLengthsV0
FMT4SizeOfOffsetsV0	https://support.hdfgroup.org/documentation/hdf5/latest/_f_m_t4.html#FMT4SizeOfOffsetsV0
FMT4UndefinedAddress	https://support.hdfgroup.org/documentation/hdf5/latest/_f_m_t4.html#FMT4UndefinedAddress
FMT4UnlimitedDim	https://support.hdfgroup.org/documentation/hdf5/latest/_f_m_t4.html#FMT4UnlimitedDim
FMT4V12DimInfoN	https://support.hdfgroup.org/documentation/hdf5/latest/_f_m_t4.html#FMT4V12DimInfoN
FMT4V12Dimensionality	https://support.hdfgroup.org/documentation/hdf5/latest/_f_m_t4.html#FMT4V12Dimensionality
FMT4V12DsetElmSz	https://support.hdfgroup.org/documentation/hdf5/latest/_f_m_t4.html#FMT4V12DsetElmSz
FMT4V2BtType10	https://support.hdfgroup.org/documentation/hdf5/latest/_f_m_t4.html#FMT4V2BtType10
FMT4V2BtType10Fields	https://support.hdfgroup.org/documentation/hdf5/latest/_f_m_t4.html#FMT4V2BtType10Fields
FMT4V2BtType11	https://support.hdfgroup.org/documentation/hdf5/latest/_f_m_t4.html#FMT4V2BtType11
FMT4V2BtType11V5	https://support.hdfgroup.org/documentation/hdf5/latest/_f_m_t4.html#FMT4V2BtType11V5
FMT4VirtualStorage	https://support.hdfgroup.org/documentation/hdf5/latest/_f_m_t4.html#FMT4VirtualStorage
FileMountProps	https://support.hdfgroup.org/documentation/hdf5/latest/_h5_p__u_g.html#FileMountProps
GLS_A	https://support.hdfgroup.org/documentation/hdf5/latest/_g_l_s.html#GLS_A
GLS_B	https://support.hdfgroup.org/documentation/hdf5/latest/_g_l_s.html#GLS_B
GLS_C	https://support.hdfgroup.org/documentation/hdf5/latest/_g_l_s.html#GLS_C
GLS_D	https://support.hdfgroup.org/documentation/hdf5/latest/_g_l_s.html#GLS_D
GLS_E	https://support.hdfgroup.org/documentation/hdf5/latest/_g_l_s.html#GLS_E
GLS_F	https://support.hdfgroup.org/documentation/hdf5/latest/_g_l_s.html#GLS_F
GLS_G	https://support.hdfgroup.org/documentation/hdf5/latest/_g_l_s.html#GLS_G
GLS_H	https://support.hdfgroup.org/documentation/hdf5/latest/_g_l_s.html#GLS_H
GLS_I	https://support.hdfgroup.org/documentation/hdf5/latest/_g_l_s.html#GLS_I
GLS_L	https://support.hdfgroup.org/documentation/hdf5/latest/_g_l_s.html#GLS_L
GLS_M	https://support.hdfgroup.org/documentation/hdf5/latest/_g_l_s.html#GLS_M
GLS_N	https://support.hdfgroup.org/documentation/hdf5/latest/_g_l_s.html#GLS_N
GLS_O	https://support.hdfgroup.org/documentation/hdf5/latest/_g_l_s.html#GLS_O
GLS_P	https://support.hdfgroup.org/documentation/hdf5/latest/_g_l_s.html#GLS_P
GLS_R	https://support.hdfgroup.org/documentation/hdf5/latest/_g_l_s.html#GLS_R
GLS_S	https://support.hdfgroup.org/documentation/hdf5/latest/_g_l_s.html#GLS_S
GLS_U	https://support.hdfgroup.org/documentation/hdf5/latest/_g_l_s.html#GLS_U
GLS_V	https://support.hdfgroup.org/documentation/hdf5/latest/_g_l_s.html#GLS_V
LBProgAPI	https://support.hdfgroup.org/documentation/hdf5/latest/_l_b_prog.html#LBProgAPI
LBProgLang	https://support.hdfgroup.org/documentation/hdf5/latest/_l_b_prog.html#LBProgLang
LBProgTypes	https://support.hdfgroup.org/documentation/hdf5/latest/_l_b_prog.html#LBProgTypes
Topics	https://support.hdfgroup.org/documentation/hdf5/latest/_learn_basics.html#Topics
about_documentation	https://support.hdfgroup.org/documentation/hdf5/latest/_about.html#about_documentation
about_history	https://support.hdfgroup.org/documentation/hdf5/latest/_about.html#about_history
acsr	https://support.hdfgroup.org/documentation/hdf5/latest/_t_n_m_d_c.html#acsr
adapt	https://support.hdfgroup.org/documentation/hdf5/latest/_t_n_m_d_c.html#adapt
api_macro	https://support.hdfgroup.org/documentation/hdf5/latest/_about.html#api_macro
app-options	https://support.hdfgroup.org/documentation/hdf5/latest/api-compat-macros.html#app-options
audience	https://support.hdfgroup.org/documentation/hdf5/latest/api-compat-macros.html#audience
awhrtcsr	https://support.hdfgroup.org/documentation/hdf5/latest/_t_n_m_d_c.html#awhrtcsr
compat-issues	https://support.hdfgroup.org/documentation/hdf5/latest/api-compat-macros.html#compat-issues
configuring	https://support.hdfgroup.org/documentation/hdf5/latest/_t_n_m_d_c.html#configuring
controlling	https://support.hdfgroup.org/documentation/hdf5/latest/_t_n_m_d_c.html#controlling
cpp_building	https://support.hdfgroup.org/documentation/hdf5/latest/h5_cpp_intro.html#cpp_building
cpp_c_api_note	https://support.hdfgroup.org/documentation/hdf5/latest/_r_m.html#cpp_c_api_note
cpp_examples	https://support.hdfgroup.org/documentation/hdf5/latest/h5_cpp_intro.html#cpp_examples
cpp_mapping	https://support.hdfgroup.org/documentation/hdf5/latest/h5_cpp_intro.html#cpp_mapping
cpp_overview	https://support.hdfgroup.org/documentation/hdf5/latest/h5_cpp_intro.html#cpp_overview
cpp_prerequisites	https://support.hdfgroup.org/documentation/hdf5/latest/h5_cpp_intro.html#cpp_prerequisites
csdcf	https://support.hdfgroup.org/documentation/hdf5/latest/_h5_a_c-cache-config-t.html#csdcf
csicf	https://support.hdfgroup.org/documentation/hdf5/latest/_h5_a_c-cache-config-t.html#csicf
custom_commands	https://support.hdfgroup.org/documentation/hdf5/latest/_about.html#custom_commands
dacsr	https://support.hdfgroup.org/documentation/hdf5/latest/_t_n_m_d_c.html#dacsr
dapl_table_tag	https://support.hdfgroup.org/documentation/hdf5/latest/_h5_d__u_g.html#dapl_table_tag
dawhrtcsr	https://support.hdfgroup.org/documentation/hdf5/latest/_t_n_m_d_c.html#dawhrtcsr
dcpl_table_tag	https://support.hdfgroup.org/documentation/hdf5/latest/_h5_d__u_g.html#dcpl_table_tag
ddl110	https://support.hdfgroup.org/documentation/hdf5/latest/_d_d_l_b_n_f110.html#ddl110
ddl112	https://support.hdfgroup.org/documentation/hdf5/latest/_d_d_l_b_n_f112.html#ddl112
ddl114	https://support.hdfgroup.org/documentation/hdf5/latest/_d_d_l_b_n_f114.html#ddl114
ddl200	https://support.hdfgroup.org/documentation/hdf5/latest/_d_d_l_b_n_f200.html#ddl200
decreasing	https://support.hdfgroup.org/documentation/hdf5/latest/_t_n_m_d_c.html#decreasing
decrement	https://support.hdfgroup.org/documentation/hdf5/latest/_t_n_m_d_c.html#decrement
defaults	https://support.hdfgroup.org/documentation/hdf5/latest/_t_n_m_d_c.html#defaults
example110	https://support.hdfgroup.org/documentation/hdf5/latest/_d_d_l_b_n_f110.html#example110
example112	https://support.hdfgroup.org/documentation/hdf5/latest/_d_d_l_b_n_f112.html#example112
example114	https://support.hdfgroup.org/documentation/hdf5/latest/_d_d_l_b_n_f114.html#example114
example200	https://support.hdfgroup.org/documentation/hdf5/latest/_d_d_l_b_n_f200.html#example200
expo110	https://support.hdfgroup.org/documentation/hdf5/latest/_d_d_l_b_n_f110.html#expo110
expo112	https://support.hdfgroup.org/documentation/hdf5/latest/_d_d_l_b_n_f112.html#expo112
expo114	https://support.hdfgroup.org/documentation/hdf5/latest/_d_d_l_b_n_f114.html#expo114
expo200	https://support.hdfgroup.org/documentation/hdf5/latest/_d_d_l_b_n_f200.html#expo200
fapl_table_tag	https://support.hdfgroup.org/documentation/hdf5/latest/_h5_f__u_g.html#fapl_table_tag
fcpl_table_tag	https://support.hdfgroup.org/documentation/hdf5/latest/_h5_f__u_g.html#fcpl_table_tag
fcsi	https://support.hdfgroup.org/documentation/hdf5/latest/_t_n_m_d_c.html#fcsi
fcsic	https://support.hdfgroup.org/documentation/hdf5/latest/_t_n_m_d_c.html#fcsic
fd_pl_table_tag	https://support.hdfgroup.org/documentation/hdf5/latest/_h5_f__u_g.html#fd_pl_table_tag
fileformat	https://support.hdfgroup.org/documentation/hdf5/latest/rel_spec_2x.html#fileformat
fun-options	https://support.hdfgroup.org/documentation/hdf5/latest/api-compat-macros.html#fun-options
fun-options-110	https://support.hdfgroup.org/documentation/hdf5/latest/api-compat-macros.html#fun-options-110
fun-options-112	https://support.hdfgroup.org/documentation/hdf5/latest/api-compat-macros.html#fun-options-112
fun-options-114	https://support.hdfgroup.org/documentation/hdf5/latest/api-compat-macros.html#fun-options-114
fun-options-18	https://support.hdfgroup.org/documentation/hdf5/latest/api-compat-macros.html#fun-options-18
fun-options-200	https://support.hdfgroup.org/documentation/hdf5/latest/api-compat-macros.html#fun-options-200
further	https://support.hdfgroup.org/documentation/hdf5/latest/api-compat-macros.html#further
gcf	https://support.hdfgroup.org/documentation/hdf5/latest/_h5_a_c-cache-config-t.html#gcf
gconfig	https://support.hdfgroup.org/documentation/hdf5/latest/_t_n_m_d_c.html#gconfig
h4_float_datatype	https://support.hdfgroup.org/documentation/hdf5/latest/_h5_d__u_g.html#h4_float_datatype
h4_vlen_datatype	https://support.hdfgroup.org/documentation/hdf5/latest/_h5_t__u_g.html#h4_vlen_datatype
hrtcsdc	https://support.hdfgroup.org/documentation/hdf5/latest/_t_n_m_d_c.html#hrtcsdc
hrtcsi	https://support.hdfgroup.org/documentation/hdf5/latest/_t_n_m_d_c.html#hrtcsi
hrtcsic	https://support.hdfgroup.org/documentation/hdf5/latest/_t_n_m_d_c.html#hrtcsic
hrtcsr	https://support.hdfgroup.org/documentation/hdf5/latest/_t_n_m_d_c.html#hrtcsr
increasing	https://support.hdfgroup.org/documentation/hdf5/latest/_t_n_m_d_c.html#increasing
increment	https://support.hdfgroup.org/documentation/hdf5/latest/_t_n_m_d_c.html#increment
interactions	https://support.hdfgroup.org/documentation/hdf5/latest/_t_n_m_d_c.html#interactions
intro	https://support.hdfgroup.org/documentation/hdf5/latest/_t_n_m_d_c.html#intro
intro110	https://support.hdfgroup.org/documentation/hdf5/latest/_d_d_l_b_n_f110.html#intro110
intro112	https://support.hdfgroup.org/documentation/hdf5/latest/_d_d_l_b_n_f112.html#intro112
intro114	https://support.hdfgroup.org/documentation/hdf5/latest/_d_d_l_b_n_f114.html#intro114
intro200	https://support.hdfgroup.org/documentation/hdf5/latest/_d_d_l_b_n_f200.html#intro200
lib-options	https://support.hdfgroup.org/documentation/hdf5/latest/api-compat-macros.html#lib-options
macros	https://support.hdfgroup.org/documentation/hdf5/latest/api-compat-macros.html#macros
new	https://support.hdfgroup.org/documentation/hdf5/latest/_t_n_m_d_c.html#new
new_example	https://support.hdfgroup.org/documentation/hdf5/latest/_about.html#new_example
new_rfc	https://support.hdfgroup.org/documentation/hdf5/latest/_about.html#new_rfc
new_rm_entry	https://support.hdfgroup.org/documentation/hdf5/latest/_about.html#new_rm_entry
news	https://support.hdfgroup.org/documentation/hdf5/latest/_t_n_m_d_c.html#news
old	https://support.hdfgroup.org/documentation/hdf5/latest/_t_n_m_d_c.html#old
oldnew	https://support.hdfgroup.org/documentation/hdf5/latest/_t_n_m_d_c.html#oldnew
options	https://support.hdfgroup.org/documentation/hdf5/latest/api-compat-macros.html#options
parallel	https://support.hdfgroup.org/documentation/hdf5/latest/_t_n_m_d_c.html#parallel
pcf	https://support.hdfgroup.org/documentation/hdf5/latest/_h5_a_c-cache-config-t.html#pcf
plain_html	https://support.hdfgroup.org/documentation/hdf5/latest/_about.html#plain_html
secAccessibility	https://support.hdfgroup.org/documentation/hdf5/latest/_accessibility.html#secAccessibility
secAttributes	https://support.hdfgroup.org/documentation/hdf5/latest/_attributes.html#secAttributes
secFiles	https://support.hdfgroup.org/documentation/hdf5/latest/_files.html#secFiles
secHDF5Examples	https://support.hdfgroup.org/documentation/hdf5/latest/_h_d_f5_examples.html#secHDF5Examples
secHDF5ExamplesCompile	https://support.hdfgroup.org/documentation/hdf5/latest/_h_d_f5_examples.html#secHDF5ExamplesCompile
secHDF5ExamplesOther	https://support.hdfgroup.org/documentation/hdf5/latest/_h_d_f5_examples.html#secHDF5ExamplesOther
secIntro	https://support.hdfgroup.org/documentation/hdf5/latest/_learn_basics.html#secIntro
secIntroParContHyperslabC	https://support.hdfgroup.org/documentation/hdf5/latest/_intro_par_cont_hyperslab.html#secIntroParContHyperslabC
secIntroParContHyperslabFort	https://support.hdfgroup.org/documentation/hdf5/latest/_intro_par_cont_hyperslab.html#secIntroParContHyperslabFort
secIntroParRegularSpacedC	https://support.hdfgroup.org/documentation/hdf5/latest/_intro_par_regular_spaced.html#secIntroParRegularSpacedC
secIntroParRegularSpacedFort	https://support.hdfgroup.org/documentation/hdf5/latest/_intro_par_regular_spaced.html#secIntroParRegularSpacedFort
secLBAPI	https://support.hdfgroup.org/documentation/hdf5/latest/_l_b_a_p_i.html#secLBAPI
secLBAttrCreate	https://support.hdfgroup.org/documentation/hdf5/latest/_l_b_attr_create.html#secLBAttrCreate
secLBAttrCreateHL	https://support.hdfgroup.org/documentation/hdf5/latest/_l_b_attr_create.html#secLBAttrCreateHL
secLBAttrCreateRW	https://support.hdfgroup.org/documentation/hdf5/latest/_l_b_attr_create.html#secLBAttrCreateRW
secLBAttrCreateRWEx	https://support.hdfgroup.org/documentation/hdf5/latest/_l_b_attr_create.html#secLBAttrCreateRWEx
secLBAttrCreateRWExCont	https://support.hdfgroup.org/documentation/hdf5/latest/_l_b_attr_create.html#secLBAttrCreateRWExCont
secLBAttrCreateRWExDDL	https://support.hdfgroup.org/documentation/hdf5/latest/_l_b_attr_create.html#secLBAttrCreateRWExDDL
secLBAttrCreateRWExDesc	https://support.hdfgroup.org/documentation/hdf5/latest/_l_b_attr_create.html#secLBAttrCreateRWExDesc
secLBAttrCreateRWExRem	https://support.hdfgroup.org/documentation/hdf5/latest/_l_b_attr_create.html#secLBAttrCreateRWExRem
secLBComDsetCreate	https://support.hdfgroup.org/documentation/hdf5/latest/_l_b_com_dset.html#secLBComDsetCreate
secLBComDsetProg	https://support.hdfgroup.org/documentation/hdf5/latest/_l_b_com_dset.html#secLBComDsetProg
secLBCompiling	https://support.hdfgroup.org/documentation/hdf5/latest/_l_b_compiling.html#secLBCompiling
secLBCompilingCMake	https://support.hdfgroup.org/documentation/hdf5/latest/_l_b_compiling.html#secLBCompilingCMake
secLBCompilingLibs	https://support.hdfgroup.org/documentation/hdf5/latest/_l_b_compiling.html#secLBCompilingLibs
secLBCompilingLinux	https://support.hdfgroup.org/documentation/hdf5/latest/_l_b_compiling.html#secLBCompilingLinux
secLBCompilingVS	https://support.hdfgroup.org/documentation/hdf5/latest/_l_b_compiling.html#secLBCompilingVS
secLBContents	https://support.hdfgroup.org/documentation/hdf5/latest/_l_b_contents.html#secLBContents
secLBContentsProg	https://support.hdfgroup.org/documentation/hdf5/latest/_l_b_contents.html#secLBContentsProg
secLBDsetCreateDspace	https://support.hdfgroup.org/documentation/hdf5/latest/_l_b_dset_create.html#secLBDsetCreateDspace
secLBDsetCreateDtype	https://support.hdfgroup.org/documentation/hdf5/latest/_l_b_dset_create.html#secLBDsetCreateDtype
secLBDsetCreateHL	https://support.hdfgroup.org/documentation/hdf5/latest/_l_b_dset_create.html#secLBDsetCreateHL
secLBDsetCreateProg	https://support.hdfgroup.org/documentation/hdf5/latest/_l_b_dset_create.html#secLBDsetCreateProg
secLBDsetCreateProp	https://support.hdfgroup.org/documentation/hdf5/latest/_l_b_dset_create.html#secLBDsetCreateProp
secLBDsetCreateSteps	https://support.hdfgroup.org/documentation/hdf5/latest/_l_b_dset_create.html#secLBDsetCreateSteps
secLBDsetLayout	https://support.hdfgroup.org/documentation/hdf5/latest/_l_b_dset_layout.html#secLBDsetLayout
secLBDsetLayoutChange	https://support.hdfgroup.org/documentation/hdf5/latest/_l_b_dset_layout.html#secLBDsetLayoutChange
secLBDsetLayoutDesc	https://support.hdfgroup.org/documentation/hdf5/latest/_l_b_dset_layout.html#secLBDsetLayoutDesc
secLBDsetLayoutProg	https://support.hdfgroup.org/documentation/hdf5/latest/_l_b_dset_layout.html#secLBDsetLayoutProg
secLBDsetLayoutSource	https://support.hdfgroup.org/documentation/hdf5/latest/_l_b_dset_layout.html#secLBDsetLayoutSource
secLBDsetRW	https://support.hdfgroup.org/documentation/hdf5/latest/_l_b_dset_r_w.html#secLBDsetRW
secLBDsetRWEx	https://support.hdfgroup.org/documentation/hdf5/latest/_l_b_dset_r_w.html#secLBDsetRWEx
secLBDsetRWExCont	https://support.hdfgroup.org/documentation/hdf5/latest/_l_b_dset_r_w.html#secLBDsetRWExCont
secLBDsetRWExDesc	https://support.hdfgroup.org/documentation/hdf5/latest/_l_b_dset_r_w.html#secLBDsetRWExDesc
secLBDsetRWExRem	https://support.hdfgroup.org/documentation/hdf5/latest/_l_b_dset_r_w.html#secLBDsetRWExRem
secLBDsetRWHL	https://support.hdfgroup.org/documentation/hdf5/latest/_l_b_dset_r_w.html#secLBDsetRWHL
secLBDsetSubRW	https://support.hdfgroup.org/documentation/hdf5/latest/_l_b_dset_sub_r_w.html#secLBDsetSubRW
secLBDsetSubRWMem	https://support.hdfgroup.org/documentation/hdf5/latest/_l_b_dset_sub_r_w.html#secLBDsetSubRWMem
secLBDsetSubRWProg	https://support.hdfgroup.org/documentation/hdf5/latest/_l_b_dset_sub_r_w.html#secLBDsetSubRWProg
secLBDsetSubRWSel	https://support.hdfgroup.org/documentation/hdf5/latest/_l_b_dset_sub_r_w.html#secLBDsetSubRWSel
secLBDsetSubRWSub	https://support.hdfgroup.org/documentation/hdf5/latest/_l_b_dset_sub_r_w.html#secLBDsetSubRWSub
secLBDtype	https://support.hdfgroup.org/documentation/hdf5/latest/_l_b_datatypes.html#secLBDtype
secLBDtypeDer	https://support.hdfgroup.org/documentation/hdf5/latest/_l_b_datatypes.html#secLBDtypeDer
secLBDtypePre	https://support.hdfgroup.org/documentation/hdf5/latest/_l_b_datatypes.html#secLBDtypePre
secLBDtypeSpec	https://support.hdfgroup.org/documentation/hdf5/latest/_l_b_datatypes.html#secLBDtypeSpec
secLBExamples	https://support.hdfgroup.org/documentation/hdf5/latest/_l_b_examples.html#secLBExamples
secLBExamplesAddl	https://support.hdfgroup.org/documentation/hdf5/latest/_l_b_examples.html#secLBExamplesAddl
secLBExamplesSrc	https://support.hdfgroup.org/documentation/hdf5/latest/_l_b_examples.html#secLBExamplesSrc
secLBExtDsetCreate	https://support.hdfgroup.org/documentation/hdf5/latest/_l_b_ext_dset.html#secLBExtDsetCreate
secLBExtDsetProg	https://support.hdfgroup.org/documentation/hdf5/latest/_l_b_ext_dset.html#secLBExtDsetProg
secLBFileCreate	https://support.hdfgroup.org/documentation/hdf5/latest/_l_b_file_create.html#secLBFileCreate
secLBFileExample	https://support.hdfgroup.org/documentation/hdf5/latest/_l_b_file_create.html#secLBFileExample
secLBFileOrg	https://support.hdfgroup.org/documentation/hdf5/latest/_l_b_file_org.html#secLBFileOrg
secLBGrpCreate	https://support.hdfgroup.org/documentation/hdf5/latest/_l_b_grp_create.html#secLBGrpCreate
secLBGrpCreateNames	https://support.hdfgroup.org/documentation/hdf5/latest/_l_b_grp_create_names.html#secLBGrpCreateNames
secLBGrpCreateNamesEx	https://support.hdfgroup.org/documentation/hdf5/latest/_l_b_grp_create_names.html#secLBGrpCreateNamesEx
secLBGrpCreateNamesExCont	https://support.hdfgroup.org/documentation/hdf5/latest/_l_b_grp_create_names.html#secLBGrpCreateNamesExCont
secLBGrpCreateNamesExDesc	https://support.hdfgroup.org/documentation/hdf5/latest/_l_b_grp_create_names.html#secLBGrpCreateNamesExDesc
secLBGrpCreateNamesExRem	https://support.hdfgroup.org/documentation/hdf5/latest/_l_b_grp_create_names.html#secLBGrpCreateNamesExRem
secLBGrpCreateRWEx	https://support.hdfgroup.org/documentation/hdf5/latest/_l_b_grp_create.html#secLBGrpCreateRWEx
secLBGrpCreateRWExCont	https://support.hdfgroup.org/documentation/hdf5/latest/_l_b_grp_create.html#secLBGrpCreateRWExCont
secLBGrpCreateRWExDesc	https://support.hdfgroup.org/documentation/hdf5/latest/_l_b_grp_create.html#secLBGrpCreateRWExDesc
secLBGrpDset	https://support.hdfgroup.org/documentation/hdf5/latest/_l_b_grp_dset.html#secLBGrpDset
secLBGrpDsetEx	https://support.hdfgroup.org/documentation/hdf5/latest/_l_b_grp_dset.html#secLBGrpDsetEx
secLBGrpDsetExCont	https://support.hdfgroup.org/documentation/hdf5/latest/_l_b_grp_dset.html#secLBGrpDsetExCont
secLBGrpDsetExDesc	https://support.hdfgroup.org/documentation/hdf5/latest/_l_b_grp_dset.html#secLBGrpDsetExDesc
secLBPList	https://support.hdfgroup.org/documentation/hdf5/latest/_l_b_props_list.html#secLBPList
secLBPListProg	https://support.hdfgroup.org/documentation/hdf5/latest/_l_b_props_list.html#secLBPListProg
secPerformance	https://support.hdfgroup.org/documentation/hdf5/latest/_performance.html#secPerformance
secToolsBasic	https://support.hdfgroup.org/documentation/hdf5/latest/_view_tools.html#secToolsBasic
secToolsTopics	https://support.hdfgroup.org/documentation/hdf5/latest/_view_tools.html#secToolsTopics
secVOLAppA	https://support.hdfgroup.org/documentation/hdf5/latest/_v_o_l__connector.html#secVOLAppA
secVOLAppB	https://support.hdfgroup.org/documentation/hdf5/latest/_v_o_l__connector.html#secVOLAppB
secVOLAppC	https://support.hdfgroup.org/documentation/hdf5/latest/_v_o_l__connector.html#secVOLAppC
secVOLCreate	https://support.hdfgroup.org/documentation/hdf5/latest/_v_o_l__connector.html#secVOLCreate
secVOLIntro	https://support.hdfgroup.org/documentation/hdf5/latest/_v_o_l__connector.html#secVOLIntro
secVOLNew	https://support.hdfgroup.org/documentation/hdf5/latest/_v_o_l__connector.html#secVOLNew
secVOLRef	https://support.hdfgroup.org/documentation/hdf5/latest/_v_o_l__connector.html#secVOLRef
secViewToolsCommandObtain	https://support.hdfgroup.org/documentation/hdf5/latest/_view_tools_command.html#secViewToolsCommandObtain
secViewToolsCommandTutor	https://support.hdfgroup.org/documentation/hdf5/latest/_view_tools_command.html#secViewToolsCommandTutor
secViewToolsConvertASCII	https://support.hdfgroup.org/documentation/hdf5/latest/_view_tools_convert.html#secViewToolsConvertASCII
secViewToolsConvertBinary	https://support.hdfgroup.org/documentation/hdf5/latest/_view_tools_convert.html#secViewToolsConvertBinary
secViewToolsConvertExport	https://support.hdfgroup.org/documentation/hdf5/latest/_view_tools_convert.html#secViewToolsConvertExport
secViewToolsConvertTOC	https://support.hdfgroup.org/documentation/hdf5/latest/_view_tools_convert.html#secViewToolsConvertTOC
secViewToolsEditAdd	https://support.hdfgroup.org/documentation/hdf5/latest/_view_tools_edit.html#secViewToolsEditAdd
secViewToolsEditApply	https://support.hdfgroup.org/documentation/hdf5/latest/_view_tools_edit.html#secViewToolsEditApply
secViewToolsEditChange	https://support.hdfgroup.org/documentation/hdf5/latest/_view_tools_edit.html#secViewToolsEditChange
secViewToolsEditCopy	https://support.hdfgroup.org/documentation/hdf5/latest/_view_tools_edit.html#secViewToolsEditCopy
secViewToolsEditRemove	https://support.hdfgroup.org/documentation/hdf5/latest/_view_tools_edit.html#secViewToolsEditRemove
secViewToolsEditTOC	https://support.hdfgroup.org/documentation/hdf5/latest/_view_tools_edit.html#secViewToolsEditTOC
secViewToolsJPSSDeter	https://support.hdfgroup.org/documentation/hdf5/latest/_view_tools_j_p_s_s.html#secViewToolsJPSSDeter
secViewToolsJPSSExam	https://support.hdfgroup.org/documentation/hdf5/latest/_view_tools_j_p_s_s.html#secViewToolsJPSSExam
secViewToolsJPSSTOC	https://support.hdfgroup.org/documentation/hdf5/latest/_view_tools_j_p_s_s.html#secViewToolsJPSSTOC
secViewToolsJPSSView	https://support.hdfgroup.org/documentation/hdf5/latest/_view_tools_j_p_s_s.html#secViewToolsJPSSView
secViewToolsViewAttr	https://support.hdfgroup.org/documentation/hdf5/latest/_view_tools_view.html#secViewToolsViewAttr
secViewToolsViewContent	https://support.hdfgroup.org/documentation/hdf5/latest/_view_tools_view.html#secViewToolsViewContent
secViewToolsViewDset	https://support.hdfgroup.org/documentation/hdf5/latest/_view_tools_view.html#secViewToolsViewDset
secViewToolsViewDtypes	https://support.hdfgroup.org/documentation/hdf5/latest/_view_tools_view.html#secViewToolsViewDtypes
secViewToolsViewGrps	https://support.hdfgroup.org/documentation/hdf5/latest/_view_tools_view.html#secViewToolsViewGrps
secViewToolsViewSub	https://support.hdfgroup.org/documentation/hdf5/latest/_view_tools_view.html#secViewToolsViewSub
secViewToolsViewTOC	https://support.hdfgroup.org/documentation/hdf5/latest/_view_tools_view.html#secViewToolsViewTOC
sec_adddbg_intro	https://support.hdfgroup.org/documentation/hdf5/latest/_a_p_p_d_b_g.html#sec_adddbg_intro
sec_adddbg_invars	https://support.hdfgroup.org/documentation/hdf5/latest/_a_p_p_d_b_g.html#sec_adddbg_invars
sec_adddbg_msg	https://support.hdfgroup.org/documentation/hdf5/latest/_a_p_p_d_b_g.html#sec_adddbg_msg
sec_adddbg_stats	https://support.hdfgroup.org/documentation/hdf5/latest/_a_p_p_d_b_g.html#sec_adddbg_stats
sec_addition	https://support.hdfgroup.org/documentation/hdf5/latest/_a_r__u_g.html#sec_addition
sec_async	https://support.hdfgroup.org/documentation/hdf5/latest/_h5_e_s__u_g.html#sec_async
sec_attribute	https://support.hdfgroup.org/documentation/hdf5/latest/_h5_a__u_g.html#sec_attribute
sec_branchexpl_develop	https://support.hdfgroup.org/documentation/hdf5/latest/_b_r_a_n_c_h_e_x_p_l.html#sec_branchexpl_develop
sec_branchexpl_feature	https://support.hdfgroup.org/documentation/hdf5/latest/_b_r_a_n_c_h_e_x_p_l.html#sec_branchexpl_feature
sec_branchexpl_inactive	https://support.hdfgroup.org/documentation/hdf5/latest/_b_r_a_n_c_h_e_x_p_l.html#sec_branchexpl_inactive
sec_branchexpl_maintenace	https://support.hdfgroup.org/documentation/hdf5/latest/_b_r_a_n_c_h_e_x_p_l.html#sec_branchexpl_maintenace
sec_branchexpl_release	https://support.hdfgroup.org/documentation/hdf5/latest/_b_r_a_n_c_h_e_x_p_l.html#sec_branchexpl_release
sec_cltools	https://support.hdfgroup.org/documentation/hdf5/latest/_u_g.html#sec_cltools
sec_cltools_h5clear	https://support.hdfgroup.org/documentation/hdf5/latest/_h5_t_o_o_l__c_r__u_g.html#sec_cltools_h5clear
sec_cltools_h5copy	https://support.hdfgroup.org/documentation/hdf5/latest/_h5_t_o_o_l__c_p__u_g.html#sec_cltools_h5copy
sec_cltools_h5debug	https://support.hdfgroup.org/documentation/hdf5/latest/_h5_t_o_o_l__d_g__u_g.html#sec_cltools_h5debug
sec_cltools_h5delete	https://support.hdfgroup.org/documentation/hdf5/latest/_h5_t_o_o_l__d_t__u_g.html#sec_cltools_h5delete
sec_cltools_h5diff	https://support.hdfgroup.org/documentation/hdf5/latest/_h5_t_o_o_l__d_f__u_g.html#sec_cltools_h5diff
sec_cltools_h5dump	https://support.hdfgroup.org/documentation/hdf5/latest/_h5_t_o_o_l__d_p__u_g.html#sec_cltools_h5dump
sec_cltools_h5format_convert	https://support.hdfgroup.org/documentation/hdf5/latest/_h5_t_o_o_l__f_c__u_g.html#sec_cltools_h5format_convert
sec_cltools_h5import	https://support.hdfgroup.org/documentation/hdf5/latest/_h5_t_o_o_l__i_m__u_g.html#sec_cltools_h5import
sec_cltools_h5jam	https://support.hdfgroup.org/documentation/hdf5/latest/_h5_t_o_o_l__j_a_m__u_g.html#sec_cltools_h5jam
sec_cltools_h5ls	https://support.hdfgroup.org/documentation/hdf5/latest/_h5_t_o_o_l__l_s__u_g.html#sec_cltools_h5ls
sec_cltools_h5mkgrp	https://support.hdfgroup.org/documentation/hdf5/latest/_h5_t_o_o_l__m_g__u_g.html#sec_cltools_h5mkgrp
sec_cltools_h5repack	https://support.hdfgroup.org/documentation/hdf5/latest/_h5_t_o_o_l__r_p__u_g.html#sec_cltools_h5repack
sec_cltools_h5repart	https://support.hdfgroup.org/documentation/hdf5/latest/_h5_t_o_o_l__r_t__u_g.html#sec_cltools_h5repart
sec_cltools_h5stat	https://support.hdfgroup.org/documentation/hdf5/latest/_h5_t_o_o_l__s_t__u_g.html#sec_cltools_h5stat
sec_cltools_h5unjam	https://support.hdfgroup.org/documentation/hdf5/latest/_h5_t_o_o_l__j_a_m__u_g.html#sec_cltools_h5unjam
sec_cltools_h5watch	https://support.hdfgroup.org/documentation/hdf5/latest/_h5_t_o_o_l__w_h__u_g.html#sec_cltools_h5watch
sec_cmake_presets_build	https://support.hdfgroup.org/documentation/hdf5/latest/cmake-presets.html#sec_cmake_presets_build
sec_cmake_presets_files	https://support.hdfgroup.org/documentation/hdf5/latest/cmake-presets.html#sec_cmake_presets_files
sec_cmakevols_build	https://support.hdfgroup.org/documentation/hdf5/latest/_c_make_vols.html#sec_cmakevols_build
sec_cmakevols_intro	https://support.hdfgroup.org/documentation/hdf5/latest/_c_make_vols.html#sec_cmakevols_intro
sec_cmakevols_note	https://support.hdfgroup.org/documentation/hdf5/latest/_c_make_vols.html#sec_cmakevols_note
sec_cmakevols_test	https://support.hdfgroup.org/documentation/hdf5/latest/_c_make_vols.html#sec_cmakevols_test
sec_codeconv_func	https://support.hdfgroup.org/documentation/hdf5/latest/_c_o_d_e_c_o_n_v.html#sec_codeconv_func
sec_collective_calls_func	https://support.hdfgroup.org/documentation/hdf5/latest/collective_calls.html#sec_collective_calls_func
sec_collective_calls_intro	https://support.hdfgroup.org/documentation/hdf5/latest/collective_calls.html#sec_collective_calls_intro
sec_collective_calls_nomod	https://support.hdfgroup.org/documentation/hdf5/latest/collective_calls.html#sec_collective_calls_nomod
sec_collective_calls_props	https://support.hdfgroup.org/documentation/hdf5/latest/collective_calls.html#sec_collective_calls_props
sec_collective_metadata_io_apis	https://support.hdfgroup.org/documentation/hdf5/latest/collective_metadata_io.html#sec_collective_metadata_io_apis
sec_collective_metadata_io_overview	https://support.hdfgroup.org/documentation/hdf5/latest/collective_metadata_io.html#sec_collective_metadata_io_overview
sec_collective_metadata_io_resource	https://support.hdfgroup.org/documentation/hdf5/latest/collective_metadata_io.html#sec_collective_metadata_io_resource
sec_compts_ineff	https://support.hdfgroup.org/documentation/hdf5/latest/_comp_t_s.html#sec_compts_ineff
sec_compts_intro	https://support.hdfgroup.org/documentation/hdf5/latest/_comp_t_s.html#sec_compts_intro
sec_compts_notapp	https://support.hdfgroup.org/documentation/hdf5/latest/_comp_t_s.html#sec_compts_notapp
sec_compts_other	https://support.hdfgroup.org/documentation/hdf5/latest/_comp_t_s.html#sec_compts_other
sec_compts_over	https://support.hdfgroup.org/documentation/hdf5/latest/_comp_t_s.html#sec_compts_over
sec_copying_committed_datatypes	https://support.hdfgroup.org/documentation/hdf5/latest/copying_committed.html#sec_copying_committed_datatypes
sec_data_model	https://support.hdfgroup.org/documentation/hdf5/latest/_h5_d_m__u_g.html#sec_data_model
sec_dataset	https://support.hdfgroup.org/documentation/hdf5/latest/_h5_d__u_g.html#sec_dataset
sec_dataspace	https://support.hdfgroup.org/documentation/hdf5/latest/_h5_s__u_g.html#sec_dataspace
sec_datatype	https://support.hdfgroup.org/documentation/hdf5/latest/_h5_t__u_g.html#sec_datatype
sec_dim_scales_api	https://support.hdfgroup.org/documentation/hdf5/latest/_h5_d_s__u_g.html#sec_dim_scales_api
sec_dim_scales_concept	https://support.hdfgroup.org/documentation/hdf5/latest/_h5_d_s__u_g.html#sec_dim_scales_concept
sec_dim_scales_spec	https://support.hdfgroup.org/documentation/hdf5/latest/_h5_d_s__u_g.html#sec_dim_scales_spec
sec_dim_scales_stand	https://support.hdfgroup.org/documentation/hdf5/latest/_h5_d_s__u_g.html#sec_dim_scales_stand
sec_error	https://support.hdfgroup.org/documentation/hdf5/latest/_h5_e__u_g.html#sec_error
sec_exapi_desc	https://support.hdfgroup.org/documentation/hdf5/latest/_ex_a_p_i.html#sec_exapi_desc
sec_exapi_dsets	https://support.hdfgroup.org/documentation/hdf5/latest/_ex_a_p_i.html#sec_exapi_dsets
sec_exapi_dtypes	https://support.hdfgroup.org/documentation/hdf5/latest/_ex_a_p_i.html#sec_exapi_dtypes
sec_exapi_filts	https://support.hdfgroup.org/documentation/hdf5/latest/_ex_a_p_i.html#sec_exapi_filts
sec_exapi_grps	https://support.hdfgroup.org/documentation/hdf5/latest/_ex_a_p_i.html#sec_exapi_grps
sec_exapi_java	https://support.hdfgroup.org/documentation/hdf5/latest/_ex_a_p_i.html#sec_exapi_java
sec_exapi_par	https://support.hdfgroup.org/documentation/hdf5/latest/_ex_a_p_i.html#sec_exapi_par
sec_file	https://support.hdfgroup.org/documentation/hdf5/latest/_h5_f__u_g.html#sec_file
sec_file_image	https://support.hdfgroup.org/documentation/hdf5/latest/_h5_f_i_m__u_g.html#sec_file_image
sec_filelock_appd	https://support.hdfgroup.org/documentation/hdf5/latest/_file_lock.html#sec_filelock_appd
sec_filelock_disable	https://support.hdfgroup.org/documentation/hdf5/latest/_file_lock.html#sec_filelock_disable
sec_filelock_env	https://support.hdfgroup.org/documentation/hdf5/latest/_file_lock.html#sec_filelock_env
sec_filelock_feat	https://support.hdfgroup.org/documentation/hdf5/latest/_file_lock.html#sec_filelock_feat
sec_filelock_funcset	https://support.hdfgroup.org/documentation/hdf5/latest/_file_lock.html#sec_filelock_funcset
sec_filelock_intro	https://support.hdfgroup.org/documentation/hdf5/latest/_file_lock.html#sec_filelock_intro
sec_filelock_lockdisable	https://support.hdfgroup.org/documentation/hdf5/latest/_file_lock.html#sec_filelock_lockdisable
sec_filelock_scheme	https://support.hdfgroup.org/documentation/hdf5/latest/_file_lock.html#sec_filelock_scheme
sec_filelock_smrfunc	https://support.hdfgroup.org/documentation/hdf5/latest/_file_lock.html#sec_filelock_smrfunc
sec_filelock_why	https://support.hdfgroup.org/documentation/hdf5/latest/_file_lock.html#sec_filelock_why
sec_filter	https://support.hdfgroup.org/documentation/hdf5/latest/_h5_z__u_g.html#sec_filter
sec_filter_plugins	https://support.hdfgroup.org/documentation/hdf5/latest/_h5_p_l__u_g.html#sec_filter_plugins
sec_fmt11_appendix	https://support.hdfgroup.org/documentation/hdf5/latest/_f_m_t11.html#sec_fmt11_appendix
sec_fmt11_dataobject	https://support.hdfgroup.org/documentation/hdf5/latest/_f_m_t11.html#sec_fmt11_dataobject
sec_fmt11_infra	https://support.hdfgroup.org/documentation/hdf5/latest/_f_m_t11.html#sec_fmt11_infra
sec_fmt11_intro	https://support.hdfgroup.org/documentation/hdf5/latest/_f_m_t11.html#sec_fmt11_intro
sec_fmt11_meta	https://support.hdfgroup.org/documentation/hdf5/latest/_f_m_t11.html#sec_fmt11_meta
sec_fmt1_boot	https://support.hdfgroup.org/documentation/hdf5/latest/_f_m_t1.html#sec_fmt1_boot
sec_fmt1_dataobject	https://support.hdfgroup.org/documentation/hdf5/latest/_f_m_t1.html#sec_fmt1_dataobject
sec_fmt1_group	https://support.hdfgroup.org/documentation/hdf5/latest/_f_m_t1.html#sec_fmt1_group
sec_fmt1_intro	https://support.hdfgroup.org/documentation/hdf5/latest/_f_m_t1.html#sec_fmt1_intro
sec_fmt2_appendixa	https://support.hdfgroup.org/documentation/hdf5/latest/_f_m_t2.html#sec_fmt2_appendixa
sec_fmt2_appendixb	https://support.hdfgroup.org/documentation/hdf5/latest/_f_m_t2.html#sec_fmt2_appendixb
sec_fmt2_dataobject	https://support.hdfgroup.org/documentation/hdf5/latest/_f_m_t2.html#sec_fmt2_dataobject
sec_fmt2_infra	https://support.hdfgroup.org/documentation/hdf5/latest/_f_m_t2.html#sec_fmt2_infra
sec_fmt2_intro	https://support.hdfgroup.org/documentation/hdf5/latest/_f_m_t2.html#sec_fmt2_intro
sec_fmt2_meta	https://support.hdfgroup.org/documentation/hdf5/latest/_f_m_t2.html#sec_fmt2_meta
sec_fmt3_appendixa	https://support.hdfgroup.org/documentation/hdf5/latest/_f_m_t3.html#sec_fmt3_appendixa
sec_fmt3_appendixb	https://support.hdfgroup.org/documentation/hdf5/latest/_f_m_t3.html#sec_fmt3_appendixb
sec_fmt3_appendixc	https://support.hdfgroup.org/documentation/hdf5/latest/_f_m_t3.html#sec_fmt3_appendixc
sec_fmt3_appendixd	https://support.hdfgroup.org/documentation/hdf5/latest/_f_m_t3.html#sec_fmt3_appendixd
sec_fmt3_dataobject	https://support.hdfgroup.org/documentation/hdf5/latest/_f_m_t3.html#sec_fmt3_dataobject
sec_fmt3_infra	https://support.hdfgroup.org/documentation/hdf5/latest/_f_m_t3.html#sec_fmt3_infra
sec_fmt3_intro	https://support.hdfgroup.org/documentation/hdf5/latest/_f_m_t3.html#sec_fmt3_intro
sec_fmt3_meta	https://support.hdfgroup.org/documentation/hdf5/latest/_f_m_t3.html#sec_fmt3_meta
sec_fmt4_appendixa	https://support.hdfgroup.org/documentation/hdf5/latest/_f_m_t4.html#sec_fmt4_appendixa
sec_fmt4_appendixb	https://support.hdfgroup.org/documentation/hdf5/latest/_f_m_t4.html#sec_fmt4_appendixb
sec_fmt4_appendixc	https://support.hdfgroup.org/documentation/hdf5/latest/_f_m_t4.html#sec_fmt4_appendixc
sec_fmt4_appendixd	https://support.hdfgroup.org/documentation/hdf5/latest/_f_m_t4.html#sec_fmt4_appendixd
sec_fmt4_dataobject	https://support.hdfgroup.org/documentation/hdf5/latest/_f_m_t4.html#sec_fmt4_dataobject
sec_fmt4_infra	https://support.hdfgroup.org/documentation/hdf5/latest/_f_m_t4.html#sec_fmt4_infra
sec_fmt4_intro	https://support.hdfgroup.org/documentation/hdf5/latest/_f_m_t4.html#sec_fmt4_intro
sec_fmt4_meta	https://support.hdfgroup.org/documentation/hdf5/latest/_f_m_t4.html#sec_fmt4_meta
sec_fmtdisc_exam	https://support.hdfgroup.org/documentation/hdf5/latest/_f_m_t_d_i_s_c.html#sec_fmtdisc_exam
sec_fmtdisc_intro	https://support.hdfgroup.org/documentation/hdf5/latest/_f_m_t_d_i_s_c.html#sec_fmtdisc_intro
sec_freeing_memory_api	https://support.hdfgroup.org/documentation/hdf5/latest/freeing_memory.html#sec_freeing_memory_api
sec_freeing_memory_crt	https://support.hdfgroup.org/documentation/hdf5/latest/freeing_memory.html#sec_freeing_memory_crt
sec_freeing_memory_intro	https://support.hdfgroup.org/documentation/hdf5/latest/freeing_memory.html#sec_freeing_memory_intro
sec_freeing_memory_mitigation	https://support.hdfgroup.org/documentation/hdf5/latest/freeing_memory.html#sec_freeing_memory_mitigation
sec_group	https://support.hdfgroup.org/documentation/hdf5/latest/_h5_g__u_g.html#sec_group
sec_hdf5_chunk_issues_comp	https://support.hdfgroup.org/documentation/hdf5/latest/hdf5_chunk_issues.html#sec_hdf5_chunk_issues_comp
sec_hdf5_chunk_issues_data	https://support.hdfgroup.org/documentation/hdf5/latest/hdf5_chunk_issues.html#sec_hdf5_chunk_issues_data
sec_hdf5_chunk_issues_effic	https://support.hdfgroup.org/documentation/hdf5/latest/hdf5_chunk_issues.html#sec_hdf5_chunk_issues_effic
sec_hdf5_chunk_issues_frag	https://support.hdfgroup.org/documentation/hdf5/latest/hdf5_chunk_issues.html#sec_hdf5_chunk_issues_frag
sec_hdf5_chunk_issues_intro	https://support.hdfgroup.org/documentation/hdf5/latest/hdf5_chunk_issues.html#sec_hdf5_chunk_issues_intro
sec_hdf5_chunk_issues_store	https://support.hdfgroup.org/documentation/hdf5/latest/hdf5_chunk_issues.html#sec_hdf5_chunk_issues_store
sec_hdf5_chunking_ad_ref	https://support.hdfgroup.org/documentation/hdf5/latest/hdf5_chunking.html#sec_hdf5_chunking_ad_ref
sec_hdf5_chunking_cache	https://support.hdfgroup.org/documentation/hdf5/latest/hdf5_chunking.html#sec_hdf5_chunking_cache
sec_hdf5_chunking_data	https://support.hdfgroup.org/documentation/hdf5/latest/hdf5_chunking.html#sec_hdf5_chunking_data
sec_hdf5_chunking_def	https://support.hdfgroup.org/documentation/hdf5/latest/hdf5_chunking.html#sec_hdf5_chunking_def
sec_hdf5_chunking_direct	https://support.hdfgroup.org/documentation/hdf5/latest/hdf5_chunking.html#sec_hdf5_chunking_direct
sec_hdf5_chunking_filt	https://support.hdfgroup.org/documentation/hdf5/latest/hdf5_chunking.html#sec_hdf5_chunking_filt
sec_hdf5_chunking_intro	https://support.hdfgroup.org/documentation/hdf5/latest/hdf5_chunking.html#sec_hdf5_chunking_intro
sec_hdf5_chunking_limits	https://support.hdfgroup.org/documentation/hdf5/latest/hdf5_chunking.html#sec_hdf5_chunking_limits
sec_hdf5_chunking_part	https://support.hdfgroup.org/documentation/hdf5/latest/hdf5_chunking.html#sec_hdf5_chunking_part
sec_hdf5_chunking_pit	https://support.hdfgroup.org/documentation/hdf5/latest/hdf5_chunking.html#sec_hdf5_chunking_pit
sec_hl	https://support.hdfgroup.org/documentation/hdf5/latest/_u_g.html#sec_hl
sec_hl_images	https://support.hdfgroup.org/documentation/hdf5/latest/_h5_i_m__u_g.html#sec_hl_images
sec_hl_lite_api	https://support.hdfgroup.org/documentation/hdf5/latest/_h5_l_t__u_g.html#sec_hl_lite_api
sec_hl_packet_table_api	https://support.hdfgroup.org/documentation/hdf5/latest/_h5_p_t__u_g.html#sec_hl_packet_table_api
sec_hl_table_api	https://support.hdfgroup.org/documentation/hdf5/latest/_h5_t_b__u_g.html#sec_hl_table_api
sec_hldo_direct_chunk	https://support.hdfgroup.org/documentation/hdf5/latest/_h5_d_o__u_g.html#sec_hldo_direct_chunk
sec_hldo_intro	https://support.hdfgroup.org/documentation/hdf5/latest/_h5_d_o__u_g.html#sec_hldo_intro
sec_identifier	https://support.hdfgroup.org/documentation/hdf5/latest/_h5_i__u_g.html#sec_identifier
sec_image_spec_spec	https://support.hdfgroup.org/documentation/hdf5/latest/_i_m_g.html#sec_image_spec_spec
sec_improve_compressed_perf_case	https://support.hdfgroup.org/documentation/hdf5/latest/improve_compressed_perf.html#sec_improve_compressed_perf_case
sec_improve_compressed_perf_chunk	https://support.hdfgroup.org/documentation/hdf5/latest/improve_compressed_perf.html#sec_improve_compressed_perf_chunk
sec_improve_compressed_perf_intro	https://support.hdfgroup.org/documentation/hdf5/latest/improve_compressed_perf.html#sec_improve_compressed_perf_intro
sec_improve_compressed_perf_rec	https://support.hdfgroup.org/documentation/hdf5/latest/improve_compressed_perf.html#sec_improve_compressed_perf_rec
sec_improve_compressed_perf_tune	https://support.hdfgroup.org/documentation/hdf5/latest/improve_compressed_perf.html#sec_improve_compressed_perf_tune
sec_initshut_app	https://support.hdfgroup.org/documentation/hdf5/latest/_init_shut.html#sec_initshut_app
sec_initshut_int	https://support.hdfgroup.org/documentation/hdf5/latest/_init_shut.html#sec_initshut_int
sec_intro_desc	https://support.hdfgroup.org/documentation/hdf5/latest/_intro_h_d_f5.html#sec_intro_desc
sec_intro_pm	https://support.hdfgroup.org/documentation/hdf5/latest/_intro_h_d_f5.html#sec_intro_pm
sec_ioflow_intro	https://support.hdfgroup.org/documentation/hdf5/latest/_i_o_f_l_o_w.html#sec_ioflow_intro
sec_ioflow_notes	https://support.hdfgroup.org/documentation/hdf5/latest/_i_o_f_l_o_w.html#sec_ioflow_notes
sec_learn	https://support.hdfgroup.org/documentation/hdf5/latest/_getting_started.html#sec_learn
sec_learn_hv_begin	https://support.hdfgroup.org/documentation/hdf5/latest/_learn_h_d_f_view.html#sec_learn_hv_begin
sec_learn_hv_install	https://support.hdfgroup.org/documentation/hdf5/latest/_learn_h_d_f_view.html#sec_learn_hv_install
sec_learn_hv_topics	https://support.hdfgroup.org/documentation/hdf5/latest/_learn_h_d_f_view.html#sec_learn_hv_topics
sec_link	https://support.hdfgroup.org/documentation/hdf5/latest/_h5_l__u_g.html#sec_link
sec_map	https://support.hdfgroup.org/documentation/hdf5/latest/_h5_m__u_g.html#sec_map
sec_maven_intro	https://support.hdfgroup.org/documentation/hdf5/latest/_c_b__maven_artifacts.html#sec_maven_intro
sec_mod_region_writes_intro	https://support.hdfgroup.org/documentation/hdf5/latest/mod_region_writes.html#sec_mod_region_writes_intro
sec_mod_region_writes_refs	https://support.hdfgroup.org/documentation/hdf5/latest/mod_region_writes.html#sec_mod_region_writes_refs
sec_object	https://support.hdfgroup.org/documentation/hdf5/latest/_h5_o__u_g.html#sec_object
sec_parcompr_ex	https://support.hdfgroup.org/documentation/hdf5/latest/_par_compr.html#sec_parcompr_ex
sec_parcompr_incr	https://support.hdfgroup.org/documentation/hdf5/latest/_par_compr.html#sec_parcompr_incr
sec_parcompr_intro	https://support.hdfgroup.org/documentation/hdf5/latest/_par_compr.html#sec_parcompr_intro
sec_parcompr_multi	https://support.hdfgroup.org/documentation/hdf5/latest/_par_compr.html#sec_parcompr_multi
sec_parcompr_perf	https://support.hdfgroup.org/documentation/hdf5/latest/_par_compr.html#sec_parcompr_perf
sec_pintro_overview	https://support.hdfgroup.org/documentation/hdf5/latest/_intro_par_h_d_f5.html#sec_pintro_overview
sec_plist	https://support.hdfgroup.org/documentation/hdf5/latest/_h5_p__u_g.html#sec_plist
sec_predefined_datatypes_tables	https://support.hdfgroup.org/documentation/hdf5/latest/predefined_datatypes_tables.html#sec_predefined_datatypes_tables
sec_program	https://support.hdfgroup.org/documentation/hdf5/latest/_h5__u_g.html#sec_program
sec_reference	https://support.hdfgroup.org/documentation/hdf5/latest/_h5_r__u_g.html#sec_reference
sec_rel_spec_110_change	https://support.hdfgroup.org/documentation/hdf5/latest/rel_spec_110_change.html#sec_rel_spec_110_change
sec_rel_spec_110_feat	https://support.hdfgroup.org/documentation/hdf5/latest/rel_spec_110.html#sec_rel_spec_110_feat
sec_rel_spec_110_migrate	https://support.hdfgroup.org/documentation/hdf5/latest/rel_spec_110.html#sec_rel_spec_110_migrate
sec_rel_spec_112_change	https://support.hdfgroup.org/documentation/hdf5/latest/rel_spec_112_change.html#sec_rel_spec_112_change
sec_rel_spec_112_feat	https://support.hdfgroup.org/documentation/hdf5/latest/rel_spec_112.html#sec_rel_spec_112_feat
sec_rel_spec_112_migrate	https://support.hdfgroup.org/documentation/hdf5/latest/rel_spec_112.html#sec_rel_spec_112_migrate
sec_rel_spec_114	https://support.hdfgroup.org/documentation/hdf5/latest/rel_spec_114.html#sec_rel_spec_114
sec_rel_spec_114_change	https://support.hdfgroup.org/documentation/hdf5/latest/rel_spec_114_change.html#sec_rel_spec_114_change
sec_rel_spec_114_feat	https://support.hdfgroup.org/documentation/hdf5/latest/rel_spec_114.html#sec_rel_spec_114_feat
sec_rel_spec_114_migrate	https://support.hdfgroup.org/documentation/hdf5/latest/rel_spec_114.html#sec_rel_spec_114_migrate
sec_rel_spec_18_change	https://support.hdfgroup.org/documentation/hdf5/latest/rel_spec_18.html#sec_rel_spec_18_change
sec_rel_spec_2x	https://support.hdfgroup.org/documentation/hdf5/latest/rel_spec_2x.html#sec_rel_spec_2x
sec_rel_spec_2x_change	https://support.hdfgroup.org/documentation/hdf5/latest/rel_spec_2x_change.html#sec_rel_spec_2x_change
sec_rel_spec_2x_feat	https://support.hdfgroup.org/documentation/hdf5/latest/rel_spec_2x.html#sec_rel_spec_2x_feat
sec_rel_spec_2x_migrate	https://support.hdfgroup.org/documentation/hdf5/latest/rel_spec_2x.html#sec_rel_spec_2x_migrate
sec_relver_branch	https://support.hdfgroup.org/documentation/hdf5/latest/_r_e_l_v_e_r_s_i_o_n.html#sec_relver_branch
sec_relver_def	https://support.hdfgroup.org/documentation/hdf5/latest/_r_e_l_v_e_r_s_i_o_n.html#sec_relver_def
sec_relver_intro	https://support.hdfgroup.org/documentation/hdf5/latest/_r_e_l_v_e_r_s_i_o_n.html#sec_relver_intro
sec_relver_share	https://support.hdfgroup.org/documentation/hdf5/latest/_r_e_l_v_e_r_s_i_o_n.html#sec_relver_share
sec_relver_supp	https://support.hdfgroup.org/documentation/hdf5/latest/_r_e_l_v_e_r_s_i_o_n.html#sec_relver_supp
sec_relver_use	https://support.hdfgroup.org/documentation/hdf5/latest/_r_e_l_v_e_r_s_i_o_n.html#sec_relver_use
sec_spec_ddl	https://support.hdfgroup.org/documentation/hdf5/latest/_s_p_e_c.html#sec_spec_ddl
sec_spec_ff	https://support.hdfgroup.org/documentation/hdf5/latest/_s_p_e_c.html#sec_spec_ff
sec_spec_other	https://support.hdfgroup.org/documentation/hdf5/latest/_s_p_e_c.html#sec_spec_other
sec_swmr_intro	https://support.hdfgroup.org/documentation/hdf5/latest/_s_w_m_r_t_n.html#sec_swmr_intro
sec_tab_spec_attr	https://support.hdfgroup.org/documentation/hdf5/latest/_t_b_l_s_p_e_c.html#sec_tab_spec_attr
sec_tab_spec_intro	https://support.hdfgroup.org/documentation/hdf5/latest/_t_b_l_s_p_e_c.html#sec_tab_spec_intro
sec_tab_spec_sect2	https://support.hdfgroup.org/documentation/hdf5/latest/_i_m_g.html#sec_tab_spec_sect2
sec_tab_spec_sect3	https://support.hdfgroup.org/documentation/hdf5/latest/_i_m_g.html#sec_tab_spec_sect3
sec_thrdsafe	https://support.hdfgroup.org/documentation/hdf5/latest/_thrd_safe.html#sec_thrdsafe
sec_tsafe_app	https://support.hdfgroup.org/documentation/hdf5/latest/thread-safe-lib.html#sec_tsafe_app
sec_tsafe_compilation	https://support.hdfgroup.org/documentation/hdf5/latest/thread-safe-lib.html#sec_tsafe_compilation
sec_tsafe_global	https://support.hdfgroup.org/documentation/hdf5/latest/thread-safe-lib.html#sec_tsafe_global
sec_tsafe_impl	https://support.hdfgroup.org/documentation/hdf5/latest/thread-safe-lib.html#sec_tsafe_impl
sec_tsafe_macro	https://support.hdfgroup.org/documentation/hdf5/latest/thread-safe-lib.html#sec_tsafe_macro
sec_tsafe_test	https://support.hdfgroup.org/documentation/hdf5/latest/thread-safe-lib.html#sec_tsafe_test
sec_unicode_also	https://support.hdfgroup.org/documentation/hdf5/latest/_u_n_i_c_o_d_e.html#sec_unicode_also
sec_unicode_common	https://support.hdfgroup.org/documentation/hdf5/latest/_u_n_i_c_o_d_e.html#sec_unicode_common
sec_unicode_intro	https://support.hdfgroup.org/documentation/hdf5/latest/_u_n_i_c_o_d_e.html#sec_unicode_intro
sec_unicode_support	https://support.hdfgroup.org/documentation/hdf5/latest/_u_n_i_c_o_d_e.html#sec_unicode_support
sec_unicode_text	https://support.hdfgroup.org/documentation/hdf5/latest/_u_n_i_c_o_d_e.html#sec_unicode_text
sec_unicode_warn	https://support.hdfgroup.org/documentation/hdf5/latest/_u_n_i_c_o_d_e.html#sec_unicode_warn
sec_using_identifiers	https://support.hdfgroup.org/documentation/hdf5/latest/_using_identifiers.html#sec_using_identifiers
sec_vds_intro	https://support.hdfgroup.org/documentation/hdf5/latest/_v_d_s_t_n.html#sec_vds_intro
sec_vfd	https://support.hdfgroup.org/documentation/hdf5/latest/_h5_f_d__u_g.html#sec_vfd
sec_vfl_address	https://support.hdfgroup.org/documentation/hdf5/latest/_v_f_l_t_n.html#sec_vfl_address
sec_vfl_data	https://support.hdfgroup.org/documentation/hdf5/latest/_v_f_l_t_n.html#sec_vfl_data
sec_vfl_imp	https://support.hdfgroup.org/documentation/hdf5/latest/_v_f_l_t_n.html#sec_vfl_imp
sec_vfl_intro	https://support.hdfgroup.org/documentation/hdf5/latest/_v_f_l_t_n.html#sec_vfl_intro
sec_vfl_misc	https://support.hdfgroup.org/documentation/hdf5/latest/_v_f_l_t_n.html#sec_vfl_misc
sec_vfl_opt	https://support.hdfgroup.org/documentation/hdf5/latest/_v_f_l_t_n.html#sec_vfl_opt
sec_vfl_query	https://support.hdfgroup.org/documentation/hdf5/latest/_v_f_l_t_n.html#sec_vfl_query
sec_vfl_reg	https://support.hdfgroup.org/documentation/hdf5/latest/_v_f_l_t_n.html#sec_vfl_reg
sec_vfl_use	https://support.hdfgroup.org/documentation/hdf5/latest/_v_f_l_t_n.html#sec_vfl_use
sec_vol	https://support.hdfgroup.org/documentation/hdf5/latest/_h5_v_l__u_g.html#sec_vol
sssec_filt_pl_model_apply	https://support.hdfgroup.org/documentation/hdf5/latest/_h5_p_l__u_g.html#sssec_filt_pl_model_apply
subsecLBComDsetProgDesc	https://support.hdfgroup.org/documentation/hdf5/latest/_l_b_com_dset.html#subsecLBComDsetProgDesc
subsecLBComDsetProgRem	https://support.hdfgroup.org/documentation/hdf5/latest/_l_b_com_dset.html#subsecLBComDsetProgRem
subsecLBCompilingCMakeExamples	https://support.hdfgroup.org/documentation/hdf5/latest/_l_b_compiling.html#subsecLBCompilingCMakeExamples
subsecLBCompilingCMakeScripts	https://support.hdfgroup.org/documentation/hdf5/latest/_l_b_compiling.html#subsecLBCompilingCMakeScripts
subsecLBCompilingCMakeTroubless	https://support.hdfgroup.org/documentation/hdf5/latest/_l_b_compiling.html#subsecLBCompilingCMakeTroubless
subsecLBContentsProgUsing	https://support.hdfgroup.org/documentation/hdf5/latest/_l_b_contents.html#subsecLBContentsProgUsing
subsecLBDsetCreateContent	https://support.hdfgroup.org/documentation/hdf5/latest/_l_b_dset_create.html#subsecLBDsetCreateContent
subsecLBDsetCreateProgDDL	https://support.hdfgroup.org/documentation/hdf5/latest/_l_b_dset_create.html#subsecLBDsetCreateProgDDL
subsecLBDsetCreateProgDesc	https://support.hdfgroup.org/documentation/hdf5/latest/_l_b_dset_create.html#subsecLBDsetCreateProgDesc
subsecLBDsetCreateProgRem	https://support.hdfgroup.org/documentation/hdf5/latest/_l_b_dset_create.html#subsecLBDsetCreateProgRem
subsecLBDsetLayoutChunk	https://support.hdfgroup.org/documentation/hdf5/latest/_l_b_dset_layout.html#subsecLBDsetLayoutChunk
subsecLBDsetLayoutCom	https://support.hdfgroup.org/documentation/hdf5/latest/_l_b_dset_layout.html#subsecLBDsetLayoutCom
subsecLBDsetLayoutCont	https://support.hdfgroup.org/documentation/hdf5/latest/_l_b_dset_layout.html#subsecLBDsetLayoutCont
subsecLBDsetSubRWProgDesc	https://support.hdfgroup.org/documentation/hdf5/latest/_l_b_dset_sub_r_w.html#subsecLBDsetSubRWProgDesc
subsecLBDsetSubRWProgExper	https://support.hdfgroup.org/documentation/hdf5/latest/_l_b_dset_sub_r_w.html#subsecLBDsetSubRWProgExper
subsecLBDsetSubRWProgRem	https://support.hdfgroup.org/documentation/hdf5/latest/_l_b_dset_sub_r_w.html#subsecLBDsetSubRWProgRem
subsecLBDtypeSpec	https://support.hdfgroup.org/documentation/hdf5/latest/_l_b_datatypes.html#subsecLBDtypeSpec
subsecLBDtypeSpecArr	https://support.hdfgroup.org/documentation/hdf5/latest/_l_b_datatypes.html#subsecLBDtypeSpecArr
subsecLBDtypeSpecCmpd	https://support.hdfgroup.org/documentation/hdf5/latest/_l_b_datatypes.html#subsecLBDtypeSpecCmpd
subsecLBDtypeSpecRef	https://support.hdfgroup.org/documentation/hdf5/latest/_l_b_datatypes.html#subsecLBDtypeSpecRef
subsecLBDtypeSpecStr	https://support.hdfgroup.org/documentation/hdf5/latest/_l_b_datatypes.html#subsecLBDtypeSpecStr
subsecLBDtypeSpecStrFix	https://support.hdfgroup.org/documentation/hdf5/latest/_l_b_datatypes.html#subsecLBDtypeSpecStrFix
subsecLBDtypeSpecStrVar	https://support.hdfgroup.org/documentation/hdf5/latest/_l_b_datatypes.html#subsecLBDtypeSpecStrVar
subsecLBDtypeSpecVL	https://support.hdfgroup.org/documentation/hdf5/latest/_l_b_datatypes.html#subsecLBDtypeSpecVL
subsecLBExtDsetProgDesc	https://support.hdfgroup.org/documentation/hdf5/latest/_l_b_ext_dset.html#subsecLBExtDsetProgDesc
subsecLBExtDsetProgRem	https://support.hdfgroup.org/documentation/hdf5/latest/_l_b_ext_dset.html#subsecLBExtDsetProgRem
subsecLBFileExampleCont	https://support.hdfgroup.org/documentation/hdf5/latest/_l_b_file_create.html#subsecLBFileExampleCont
subsecLBFileExampleDDL	https://support.hdfgroup.org/documentation/hdf5/latest/_l_b_file_create.html#subsecLBFileExampleDDL
subsecLBFileExampleDesc	https://support.hdfgroup.org/documentation/hdf5/latest/_l_b_file_create.html#subsecLBFileExampleDesc
subsecLBFileExampleRem	https://support.hdfgroup.org/documentation/hdf5/latest/_l_b_file_create.html#subsecLBFileExampleRem
subsecVOL112dep	https://support.hdfgroup.org/documentation/hdf5/latest/_v_o_l__connector.html#subsecVOL112dep
subsecVOLAsync	https://support.hdfgroup.org/documentation/hdf5/latest/_v_o_l__connector.html#subsecVOLAsync
subsecVOLBoil	https://support.hdfgroup.org/documentation/hdf5/latest/_v_o_l__connector.html#subsecVOLBoil
subsecVOLBuild	https://support.hdfgroup.org/documentation/hdf5/latest/_v_o_l__connector.html#subsecVOLBuild
subsecVOLFillIn	https://support.hdfgroup.org/documentation/hdf5/latest/_v_o_l__connector.html#subsecVOLFillIn
subsecVOLInit	https://support.hdfgroup.org/documentation/hdf5/latest/_v_o_l__connector.html#subsecVOLInit
subsecVOLLPI	https://support.hdfgroup.org/documentation/hdf5/latest/_v_o_l__connector.html#subsecVOLLPI
subsecVOLMap	https://support.hdfgroup.org/documentation/hdf5/latest/_v_o_l__connector.html#subsecVOLMap
subsecVOLNewConn	https://support.hdfgroup.org/documentation/hdf5/latest/_v_o_l__connector.html#subsecVOLNewConn
subsecVOLNewPass	https://support.hdfgroup.org/documentation/hdf5/latest/_v_o_l__connector.html#subsecVOLNewPass
subsecVOLNewPub	https://support.hdfgroup.org/documentation/hdf5/latest/_v_o_l__connector.html#subsecVOLNewPub
subsecVOLOpt	https://support.hdfgroup.org/documentation/hdf5/latest/_v_o_l__connector.html#subsecVOLOpt
subsecVOLOverview	https://support.hdfgroup.org/documentation/hdf5/latest/_v_o_l__connector.html#subsecVOLOverview
subsecVOLPassthrough	https://support.hdfgroup.org/documentation/hdf5/latest/_v_o_l__connector.html#subsecVOLPassthrough
subsecVOLRefAttr	https://support.hdfgroup.org/documentation/hdf5/latest/_v_o_l__connector.html#subsecVOLRefAttr
subsecVOLRefBlob	https://support.hdfgroup.org/documentation/hdf5/latest/_v_o_l__connector.html#subsecVOLRefBlob
subsecVOLRefConn	https://support.hdfgroup.org/documentation/hdf5/latest/_v_o_l__connector.html#subsecVOLRefConn
subsecVOLRefDType	https://support.hdfgroup.org/documentation/hdf5/latest/_v_o_l__connector.html#subsecVOLRefDType
subsecVOLRefDset	https://support.hdfgroup.org/documentation/hdf5/latest/_v_o_l__connector.html#subsecVOLRefDset
subsecVOLRefFile	https://support.hdfgroup.org/documentation/hdf5/latest/_v_o_l__connector.html#subsecVOLRefFile
subsecVOLRefGrp	https://support.hdfgroup.org/documentation/hdf5/latest/_v_o_l__connector.html#subsecVOLRefGrp
subsecVOLRefIntrospect	https://support.hdfgroup.org/documentation/hdf5/latest/_v_o_l__connector.html#subsecVOLRefIntrospect
subsecVOLRefLink	https://support.hdfgroup.org/documentation/hdf5/latest/_v_o_l__connector.html#subsecVOLRefLink
subsecVOLRefMap	https://support.hdfgroup.org/documentation/hdf5/latest/_v_o_l__connector.html#subsecVOLRefMap
subsecVOLRefObj	https://support.hdfgroup.org/documentation/hdf5/latest/_v_o_l__connector.html#subsecVOLRefObj
subsecVOLRefOpt	https://support.hdfgroup.org/documentation/hdf5/latest/_v_o_l__connector.html#subsecVOLRefOpt
subsecVOLRefReq	https://support.hdfgroup.org/documentation/hdf5/latest/_v_o_l__connector.html#subsecVOLRefReq
subsecVOLRefToken	https://support.hdfgroup.org/documentation/hdf5/latest/_v_o_l__connector.html#subsecVOLRefToken
subsecVOLRefWrap	https://support.hdfgroup.org/documentation/hdf5/latest/_v_o_l__connector.html#subsecVOLRefWrap
subsecVOLRelated	https://support.hdfgroup.org/documentation/hdf5/latest/_v_o_l__connector.html#subsecVOLRelated
subsecVOLTest	https://support.hdfgroup.org/documentation/hdf5/latest/_v_o_l__connector.html#subsecVOLTest
subsecViewToolsJPSSDeter_HDFView	https://support.hdfgroup.org/documentation/hdf5/latest/_view_tools_j_p_s_s.html#subsecViewToolsJPSSDeter_HDFView
subsecViewToolsJPSSDeter_h5dump	https://support.hdfgroup.org/documentation/hdf5/latest/_view_tools_j_p_s_s.html#subsecViewToolsJPSSDeter_h5dump
subsecViewToolsJPSSDeter_h5ls	https://support.hdfgroup.org/documentation/hdf5/latest/_view_tools_j_p_s_s.html#subsecViewToolsJPSSDeter_h5ls
subsecViewToolsJPSSExam_h5dump	https://support.hdfgroup.org/documentation/hdf5/latest/_view_tools_j_p_s_s.html#subsecViewToolsJPSSExam_h5dump
subsecViewToolsJPSSExamr_HDFView	https://support.hdfgroup.org/documentation/hdf5/latest/_view_tools_j_p_s_s.html#subsecViewToolsJPSSExamr_HDFView
subsecViewToolsJPSSView_h5dump	https://support.hdfgroup.org/documentation/hdf5/latest/_view_tools_j_p_s_s.html#subsecViewToolsJPSSView_h5dump
subsecViewToolsJPSSView_h5unjam	https://support.hdfgroup.org/documentation/hdf5/latest/_view_tools_j_p_s_s.html#subsecViewToolsJPSSView_h5unjam
subsecViewToolsViewAttr_h5dump	https://support.hdfgroup.org/documentation/hdf5/latest/_view_tools_view.html#subsecViewToolsViewAttr_h5dump
subsecViewToolsViewAttr_h5ls	https://support.hdfgroup.org/documentation/hdf5/latest/_view_tools_view.html#subsecViewToolsViewAttr_h5ls
subsecViewToolsViewContent_h5dump	https://support.hdfgroup.org/documentation/hdf5/latest/_view_tools_view.html#subsecViewToolsViewContent_h5dump
subsecViewToolsViewContent_h5ls	https://support.hdfgroup.org/documentation/hdf5/latest/_view_tools_view.html#subsecViewToolsViewContent_h5ls
subsecViewToolsViewDset_h5dump	https://support.hdfgroup.org/documentation/hdf5/latest/_view_tools_view.html#subsecViewToolsViewDset_h5dump
subsecViewToolsViewDset_h5ls	https://support.hdfgroup.org/documentation/hdf5/latest/_view_tools_view.html#subsecViewToolsViewDset_h5ls
subsecViewToolsViewDtypes_h5dump	https://support.hdfgroup.org/documentation/hdf5/latest/_view_tools_view.html#subsecViewToolsViewDtypes_h5dump
subsecViewToolsViewGrps_h5dump	https://support.hdfgroup.org/documentation/hdf5/latest/_view_tools_view.html#subsecViewToolsViewGrps_h5dump
subsecViewToolsViewGrps_h5ls	https://support.hdfgroup.org/documentation/hdf5/latest/_view_tools_view.html#subsecViewToolsViewGrps_h5ls
subsecViewToolsViewSub_h5dump	https://support.hdfgroup.org/documentation/hdf5/latest/_view_tools_view.html#subsecViewToolsViewSub_h5dump
subsec_adddbg_intro_err	https://support.hdfgroup.org/documentation/hdf5/latest/_a_p_p_d_b_g.html#subsec_adddbg_intro_err
subsec_adddbg_intro_invar	https://support.hdfgroup.org/documentation/hdf5/latest/_a_p_p_d_b_g.html#subsec_adddbg_intro_invar
subsec_adddbg_intro_stats	https://support.hdfgroup.org/documentation/hdf5/latest/_a_p_p_d_b_g.html#subsec_adddbg_intro_stats
subsec_adddbg_intro_trace	https://support.hdfgroup.org/documentation/hdf5/latest/_a_p_p_d_b_g.html#subsec_adddbg_intro_trace
subsec_adddbg_stats_sample	https://support.hdfgroup.org/documentation/hdf5/latest/_a_p_p_d_b_g.html#subsec_adddbg_stats_sample
subsec_async_intro	https://support.hdfgroup.org/documentation/hdf5/latest/_h5_e_s__u_g.html#subsec_async_intro
subsec_attribute_intro	https://support.hdfgroup.org/documentation/hdf5/latest/_h5_a__u_g.html#subsec_attribute_intro
subsec_attribute_program	https://support.hdfgroup.org/documentation/hdf5/latest/_h5_a__u_g.html#subsec_attribute_program
subsec_attribute_special	https://support.hdfgroup.org/documentation/hdf5/latest/_h5_a__u_g.html#subsec_attribute_special
subsec_attribute_work	https://support.hdfgroup.org/documentation/hdf5/latest/_h5_a__u_g.html#subsec_attribute_work
subsec_cltools_h5clear_error	https://support.hdfgroup.org/documentation/hdf5/latest/_h5_t_o_o_l__c_r__u_g.html#subsec_cltools_h5clear_error
subsec_cltools_h5clear_examples	https://support.hdfgroup.org/documentation/hdf5/latest/_h5_t_o_o_l__c_r__u_g.html#subsec_cltools_h5clear_examples
subsec_cltools_h5clear_intro	https://support.hdfgroup.org/documentation/hdf5/latest/_h5_t_o_o_l__c_r__u_g.html#subsec_cltools_h5clear_intro
subsec_cltools_h5clear_options	https://support.hdfgroup.org/documentation/hdf5/latest/_h5_t_o_o_l__c_r__u_g.html#subsec_cltools_h5clear_options
subsec_cltools_h5clear_usage	https://support.hdfgroup.org/documentation/hdf5/latest/_h5_t_o_o_l__c_r__u_g.html#subsec_cltools_h5clear_usage
subsec_cltools_h5copy_error	https://support.hdfgroup.org/documentation/hdf5/latest/_h5_t_o_o_l__c_p__u_g.html#subsec_cltools_h5copy_error
subsec_cltools_h5copy_intro	https://support.hdfgroup.org/documentation/hdf5/latest/_h5_t_o_o_l__c_p__u_g.html#subsec_cltools_h5copy_intro
subsec_cltools_h5copy_objs	https://support.hdfgroup.org/documentation/hdf5/latest/_h5_t_o_o_l__c_p__u_g.html#subsec_cltools_h5copy_objs
subsec_cltools_h5copy_options	https://support.hdfgroup.org/documentation/hdf5/latest/_h5_t_o_o_l__c_p__u_g.html#subsec_cltools_h5copy_options
subsec_cltools_h5copy_usage	https://support.hdfgroup.org/documentation/hdf5/latest/_h5_t_o_o_l__c_p__u_g.html#subsec_cltools_h5copy_usage
subsec_cltools_h5debug_intro	https://support.hdfgroup.org/documentation/hdf5/latest/_h5_t_o_o_l__d_g__u_g.html#subsec_cltools_h5debug_intro
subsec_cltools_h5debug_options	https://support.hdfgroup.org/documentation/hdf5/latest/_h5_t_o_o_l__d_g__u_g.html#subsec_cltools_h5debug_options
subsec_cltools_h5debug_usage	https://support.hdfgroup.org/documentation/hdf5/latest/_h5_t_o_o_l__d_g__u_g.html#subsec_cltools_h5debug_usage
subsec_cltools_h5delete_intro	https://support.hdfgroup.org/documentation/hdf5/latest/_h5_t_o_o_l__d_t__u_g.html#subsec_cltools_h5delete_intro
subsec_cltools_h5delete_options	https://support.hdfgroup.org/documentation/hdf5/latest/_h5_t_o_o_l__d_t__u_g.html#subsec_cltools_h5delete_options
subsec_cltools_h5delete_usage	https://support.hdfgroup.org/documentation/hdf5/latest/_h5_t_o_o_l__d_t__u_g.html#subsec_cltools_h5delete_usage
subsec_cltools_h5diff_error	https://support.hdfgroup.org/documentation/hdf5/latest/_h5_t_o_o_l__d_f__u_g.html#subsec_cltools_h5diff_error
subsec_cltools_h5diff_intro	https://support.hdfgroup.org/documentation/hdf5/latest/_h5_t_o_o_l__d_f__u_g.html#subsec_cltools_h5diff_intro
subsec_cltools_h5diff_options	https://support.hdfgroup.org/documentation/hdf5/latest/_h5_t_o_o_l__d_f__u_g.html#subsec_cltools_h5diff_options
subsec_cltools_h5diff_usage	https://support.hdfgroup.org/documentation/hdf5/latest/_h5_t_o_o_l__d_f__u_g.html#subsec_cltools_h5diff_usage
subsec_cltools_h5dump_error	https://support.hdfgroup.org/documentation/hdf5/latest/_h5_t_o_o_l__d_p__u_g.html#subsec_cltools_h5dump_error
subsec_cltools_h5dump_examples	https://support.hdfgroup.org/documentation/hdf5/latest/_h5_t_o_o_l__d_p__u_g.html#subsec_cltools_h5dump_examples
subsec_cltools_h5dump_intro	https://support.hdfgroup.org/documentation/hdf5/latest/_h5_t_o_o_l__d_p__u_g.html#subsec_cltools_h5dump_intro
subsec_cltools_h5dump_options	https://support.hdfgroup.org/documentation/hdf5/latest/_h5_t_o_o_l__d_p__u_g.html#subsec_cltools_h5dump_options
subsec_cltools_h5dump_options_file	https://support.hdfgroup.org/documentation/hdf5/latest/_h5_t_o_o_l__d_p__u_g.html#subsec_cltools_h5dump_options_file
subsec_cltools_h5dump_options_fmt	https://support.hdfgroup.org/documentation/hdf5/latest/_h5_t_o_o_l__d_p__u_g.html#subsec_cltools_h5dump_options_fmt
subsec_cltools_h5dump_options_obj	https://support.hdfgroup.org/documentation/hdf5/latest/_h5_t_o_o_l__d_p__u_g.html#subsec_cltools_h5dump_options_obj
subsec_cltools_h5dump_options_prop	https://support.hdfgroup.org/documentation/hdf5/latest/_h5_t_o_o_l__d_p__u_g.html#subsec_cltools_h5dump_options_prop
subsec_cltools_h5dump_options_subset	https://support.hdfgroup.org/documentation/hdf5/latest/_h5_t_o_o_l__d_p__u_g.html#subsec_cltools_h5dump_options_subset
subsec_cltools_h5dump_options_xml	https://support.hdfgroup.org/documentation/hdf5/latest/_h5_t_o_o_l__d_p__u_g.html#subsec_cltools_h5dump_options_xml
subsec_cltools_h5dump_usage	https://support.hdfgroup.org/documentation/hdf5/latest/_h5_t_o_o_l__d_p__u_g.html#subsec_cltools_h5dump_usage
subsec_cltools_h5format_convert_error	https://support.hdfgroup.org/documentation/hdf5/latest/_h5_t_o_o_l__f_c__u_g.html#subsec_cltools_h5format_convert_error
subsec_cltools_h5format_convert_intro	https://support.hdfgroup.org/documentation/hdf5/latest/_h5_t_o_o_l__f_c__u_g.html#subsec_cltools_h5format_convert_intro
subsec_cltools_h5format_convert_options	https://support.hdfgroup.org/documentation/hdf5/latest/_h5_t_o_o_l__f_c__u_g.html#subsec_cltools_h5format_convert_options
subsec_cltools_h5format_convert_usage	https://support.hdfgroup.org/documentation/hdf5/latest/_h5_t_o_o_l__f_c__u_g.html#subsec_cltools_h5format_convert_usage
subsec_cltools_h5import_config	https://support.hdfgroup.org/documentation/hdf5/latest/_h5_t_o_o_l__i_m__u_g.html#subsec_cltools_h5import_config
subsec_cltools_h5import_desc	https://support.hdfgroup.org/documentation/hdf5/latest/_h5_t_o_o_l__i_m__u_g.html#subsec_cltools_h5import_desc
subsec_cltools_h5import_examples	https://support.hdfgroup.org/documentation/hdf5/latest/_h5_t_o_o_l__i_m__u_g.html#subsec_cltools_h5import_examples
subsec_cltools_h5import_help	https://support.hdfgroup.org/documentation/hdf5/latest/_h5_t_o_o_l__i_m__u_g.html#subsec_cltools_h5import_help
subsec_cltools_h5import_intro	https://support.hdfgroup.org/documentation/hdf5/latest/_h5_t_o_o_l__i_m__u_g.html#subsec_cltools_h5import_intro
subsec_cltools_h5import_usage	https://support.hdfgroup.org/documentation/hdf5/latest/_h5_t_o_o_l__i_m__u_g.html#subsec_cltools_h5import_usage
subsec_cltools_h5jam_intro	https://support.hdfgroup.org/documentation/hdf5/latest/_h5_t_o_o_l__j_a_m__u_g.html#subsec_cltools_h5jam_intro
subsec_cltools_h5jam_options	https://support.hdfgroup.org/documentation/hdf5/latest/_h5_t_o_o_l__j_a_m__u_g.html#subsec_cltools_h5jam_options
subsec_cltools_h5jam_usage	https://support.hdfgroup.org/documentation/hdf5/latest/_h5_t_o_o_l__j_a_m__u_g.html#subsec_cltools_h5jam_usage
subsec_cltools_h5ls_error	https://support.hdfgroup.org/documentation/hdf5/latest/_h5_t_o_o_l__l_s__u_g.html#subsec_cltools_h5ls_error
subsec_cltools_h5ls_intro	https://support.hdfgroup.org/documentation/hdf5/latest/_h5_t_o_o_l__l_s__u_g.html#subsec_cltools_h5ls_intro
subsec_cltools_h5ls_objs	https://support.hdfgroup.org/documentation/hdf5/latest/_h5_t_o_o_l__l_s__u_g.html#subsec_cltools_h5ls_objs
subsec_cltools_h5ls_options	https://support.hdfgroup.org/documentation/hdf5/latest/_h5_t_o_o_l__l_s__u_g.html#subsec_cltools_h5ls_options
subsec_cltools_h5ls_usage	https://support.hdfgroup.org/documentation/hdf5/latest/_h5_t_o_o_l__l_s__u_g.html#subsec_cltools_h5ls_usage
subsec_cltools_h5mkgrp_error	https://support.hdfgroup.org/documentation/hdf5/latest/_h5_t_o_o_l__m_g__u_g.html#subsec_cltools_h5mkgrp_error
subsec_cltools_h5mkgrp_intro	https://support.hdfgroup.org/documentation/hdf5/latest/_h5_t_o_o_l__m_g__u_g.html#subsec_cltools_h5mkgrp_intro
subsec_cltools_h5mkgrp_options	https://support.hdfgroup.org/documentation/hdf5/latest/_h5_t_o_o_l__m_g__u_g.html#subsec_cltools_h5mkgrp_options
subsec_cltools_h5mkgrp_usage	https://support.hdfgroup.org/documentation/hdf5/latest/_h5_t_o_o_l__m_g__u_g.html#subsec_cltools_h5mkgrp_usage
subsec_cltools_h5repack_error	https://support.hdfgroup.org/documentation/hdf5/latest/_h5_t_o_o_l__r_p__u_g.html#subsec_cltools_h5repack_error
subsec_cltools_h5repack_examples	https://support.hdfgroup.org/documentation/hdf5/latest/_h5_t_o_o_l__r_p__u_g.html#subsec_cltools_h5repack_examples
subsec_cltools_h5repack_intro	https://support.hdfgroup.org/documentation/hdf5/latest/_h5_t_o_o_l__r_p__u_g.html#subsec_cltools_h5repack_intro
subsec_cltools_h5repack_options	https://support.hdfgroup.org/documentation/hdf5/latest/_h5_t_o_o_l__r_p__u_g.html#subsec_cltools_h5repack_options
subsec_cltools_h5repack_usage	https://support.hdfgroup.org/documentation/hdf5/latest/_h5_t_o_o_l__r_p__u_g.html#subsec_cltools_h5repack_usage
subsec_cltools_h5repart_intro	https://support.hdfgroup.org/documentation/hdf5/latest/_h5_t_o_o_l__r_t__u_g.html#subsec_cltools_h5repart_intro
subsec_cltools_h5repart_objs	https://support.hdfgroup.org/documentation/hdf5/latest/_h5_t_o_o_l__r_t__u_g.html#subsec_cltools_h5repart_objs
subsec_cltools_h5repart_options	https://support.hdfgroup.org/documentation/hdf5/latest/_h5_t_o_o_l__r_t__u_g.html#subsec_cltools_h5repart_options
subsec_cltools_h5repart_usage	https://support.hdfgroup.org/documentation/hdf5/latest/_h5_t_o_o_l__r_t__u_g.html#subsec_cltools_h5repart_usage
subsec_cltools_h5stat_error	https://support.hdfgroup.org/documentation/hdf5/latest/_h5_t_o_o_l__s_t__u_g.html#subsec_cltools_h5stat_error
subsec_cltools_h5stat_intro	https://support.hdfgroup.org/documentation/hdf5/latest/_h5_t_o_o_l__s_t__u_g.html#subsec_cltools_h5stat_intro
subsec_cltools_h5stat_options	https://support.hdfgroup.org/documentation/hdf5/latest/_h5_t_o_o_l__s_t__u_g.html#subsec_cltools_h5stat_options
subsec_cltools_h5stat_usage	https://support.hdfgroup.org/documentation/hdf5/latest/_h5_t_o_o_l__s_t__u_g.html#subsec_cltools_h5stat_usage
subsec_cltools_h5unjam_options	https://support.hdfgroup.org/documentation/hdf5/latest/_h5_t_o_o_l__j_a_m__u_g.html#subsec_cltools_h5unjam_options
subsec_cltools_h5watch_error	https://support.hdfgroup.org/documentation/hdf5/latest/_h5_t_o_o_l__w_h__u_g.html#subsec_cltools_h5watch_error
subsec_cltools_h5watch_intro	https://support.hdfgroup.org/documentation/hdf5/latest/_h5_t_o_o_l__w_h__u_g.html#subsec_cltools_h5watch_intro
subsec_cltools_h5watch_objs	https://support.hdfgroup.org/documentation/hdf5/latest/_h5_t_o_o_l__w_h__u_g.html#subsec_cltools_h5watch_objs
subsec_cltools_h5watch_options	https://support.hdfgroup.org/documentation/hdf5/latest/_h5_t_o_o_l__w_h__u_g.html#subsec_cltools_h5watch_options
subsec_cltools_h5watch_usage	https://support.hdfgroup.org/documentation/hdf5/latest/_h5_t_o_o_l__w_h__u_g.html#subsec_cltools_h5watch_usage
subsec_cmake_presets_build_java	https://support.hdfgroup.org/documentation/hdf5/latest/cmake-presets.html#subsec_cmake_presets_build_java
subsec_cmake_presets_build_par	https://support.hdfgroup.org/documentation/hdf5/latest/cmake-presets.html#subsec_cmake_presets_build_par
subsec_cmake_presets_build_s3	https://support.hdfgroup.org/documentation/hdf5/latest/cmake-presets.html#subsec_cmake_presets_build_s3
subsec_cmake_presets_build_static	https://support.hdfgroup.org/documentation/hdf5/latest/cmake-presets.html#subsec_cmake_presets_build_static
subsec_cmake_presets_files_json	https://support.hdfgroup.org/documentation/hdf5/latest/cmake-presets.html#subsec_cmake_presets_files_json
subsec_cmake_presets_files_json_details	https://support.hdfgroup.org/documentation/hdf5/latest/cmake-presets.html#subsec_cmake_presets_files_json_details
subsec_cmakevols_build_ex	https://support.hdfgroup.org/documentation/hdf5/latest/_c_make_vols.html#subsec_cmakevols_build_ex
subsec_cmakevols_build_git	https://support.hdfgroup.org/documentation/hdf5/latest/_c_make_vols.html#subsec_cmakevols_build_git
subsec_cmakevols_build_local	https://support.hdfgroup.org/documentation/hdf5/latest/_c_make_vols.html#subsec_cmakevols_build_local
subsec_codeconv_func_1	https://support.hdfgroup.org/documentation/hdf5/latest/_c_o_d_e_c_o_n_v.html#subsec_codeconv_func_1
subsec_codeconv_func_2	https://support.hdfgroup.org/documentation/hdf5/latest/_c_o_d_e_c_o_n_v.html#subsec_codeconv_func_2
subsec_codeconv_func_other	https://support.hdfgroup.org/documentation/hdf5/latest/_c_o_d_e_c_o_n_v.html#subsec_codeconv_func_other
subsec_codeconv_func_unused	https://support.hdfgroup.org/documentation/hdf5/latest/_c_o_d_e_c_o_n_v.html#subsec_codeconv_func_unused
subsec_collective_metadata_io_apis_functions	https://support.hdfgroup.org/documentation/hdf5/latest/collective_metadata_io.html#subsec_collective_metadata_io_apis_functions
subsec_collective_metadata_io_apis_reference	https://support.hdfgroup.org/documentation/hdf5/latest/collective_metadata_io.html#subsec_collective_metadata_io_apis_reference
subsec_compts_ineff_alt	https://support.hdfgroup.org/documentation/hdf5/latest/_comp_t_s.html#subsec_compts_ineff_alt
subsec_compts_ineff_comp	https://support.hdfgroup.org/documentation/hdf5/latest/_comp_t_s.html#subsec_compts_ineff_comp
subsec_compts_notapp_behave	https://support.hdfgroup.org/documentation/hdf5/latest/_comp_t_s.html#subsec_compts_notapp_behave
subsec_compts_notapp_ex	https://support.hdfgroup.org/documentation/hdf5/latest/_comp_t_s.html#subsec_compts_notapp_ex
subsec_compts_notapp_miss	https://support.hdfgroup.org/documentation/hdf5/latest/_comp_t_s.html#subsec_compts_notapp_miss
subsec_compts_notapp_need	https://support.hdfgroup.org/documentation/hdf5/latest/_comp_t_s.html#subsec_compts_notapp_need
subsec_compts_notapp_tools	https://support.hdfgroup.org/documentation/hdf5/latest/_comp_t_s.html#subsec_compts_notapp_tools
subsec_copying_committed_datatypes_cb	https://support.hdfgroup.org/documentation/hdf5/latest/copying_committed.html#subsec_copying_committed_datatypes_cb
subsec_copying_committed_datatypes_res	https://support.hdfgroup.org/documentation/hdf5/latest/copying_committed.html#subsec_copying_committed_datatypes_res
subsec_copying_committed_datatypes_sum	https://support.hdfgroup.org/documentation/hdf5/latest/copying_committed.html#subsec_copying_committed_datatypes_sum
subsec_data_model_abstract	https://support.hdfgroup.org/documentation/hdf5/latest/_h5_d_m__u_g.html#subsec_data_model_abstract
subsec_data_model_intro	https://support.hdfgroup.org/documentation/hdf5/latest/_h5_d_m__u_g.html#subsec_data_model_intro
subsec_data_model_storage	https://support.hdfgroup.org/documentation/hdf5/latest/_h5_d_m__u_g.html#subsec_data_model_storage
subsec_data_model_structure	https://support.hdfgroup.org/documentation/hdf5/latest/_h5_d_m__u_g.html#subsec_data_model_structure
subsec_dataset_allocation	https://support.hdfgroup.org/documentation/hdf5/latest/_h5_d__u_g.html#subsec_dataset_allocation
subsec_dataset_filters	https://support.hdfgroup.org/documentation/hdf5/latest/_h5_d__u_g.html#subsec_dataset_filters
subsec_dataset_function	https://support.hdfgroup.org/documentation/hdf5/latest/_h5_d__u_g.html#subsec_dataset_function
subsec_dataset_intro	https://support.hdfgroup.org/documentation/hdf5/latest/_h5_d__u_g.html#subsec_dataset_intro
subsec_dataset_program	https://support.hdfgroup.org/documentation/hdf5/latest/_h5_d__u_g.html#subsec_dataset_program
subsec_dataset_transfer	https://support.hdfgroup.org/documentation/hdf5/latest/_h5_d__u_g.html#subsec_dataset_transfer
subsec_dataspace_deprecated_refer	https://support.hdfgroup.org/documentation/hdf5/latest/_h5_s__u_g.html#subsec_dataspace_deprecated_refer
subsec_dataspace_funcs	https://support.hdfgroup.org/documentation/hdf5/latest/_h5_s__u_g.html#subsec_dataspace_funcs
subsec_dataspace_function	https://support.hdfgroup.org/documentation/hdf5/latest/_h5_s__u_g.html#subsec_dataspace_function
subsec_dataspace_intro	https://support.hdfgroup.org/documentation/hdf5/latest/_h5_s__u_g.html#subsec_dataspace_intro
subsec_dataspace_program	https://support.hdfgroup.org/documentation/hdf5/latest/_h5_s__u_g.html#subsec_dataspace_program
subsec_dataspace_refer	https://support.hdfgroup.org/documentation/hdf5/latest/_h5_s__u_g.html#subsec_dataspace_refer
subsec_dataspace_sample	https://support.hdfgroup.org/documentation/hdf5/latest/_h5_s__u_g.html#subsec_dataspace_sample
subsec_dataspace_select	https://support.hdfgroup.org/documentation/hdf5/latest/_h5_s__u_g.html#subsec_dataspace_select
subsec_dataspace_transfer	https://support.hdfgroup.org/documentation/hdf5/latest/_h5_s__u_g.html#subsec_dataspace_transfer
subsec_datatype_complex	https://support.hdfgroup.org/documentation/hdf5/latest/_h5_t__u_g.html#subsec_datatype_complex
subsec_datatype_fill	https://support.hdfgroup.org/documentation/hdf5/latest/_h5_t__u_g.html#subsec_datatype_fill
subsec_datatype_function	https://support.hdfgroup.org/documentation/hdf5/latest/_h5_t__u_g.html#subsec_datatype_function
subsec_datatype_intro	https://support.hdfgroup.org/documentation/hdf5/latest/_h5_t__u_g.html#subsec_datatype_intro
subsec_datatype_life	https://support.hdfgroup.org/documentation/hdf5/latest/_h5_t__u_g.html#subsec_datatype_life
subsec_datatype_model	https://support.hdfgroup.org/documentation/hdf5/latest/_h5_t__u_g.html#subsec_datatype_model
subsec_datatype_other	https://support.hdfgroup.org/documentation/hdf5/latest/_h5_t__u_g.html#subsec_datatype_other
subsec_datatype_program	https://support.hdfgroup.org/documentation/hdf5/latest/_h5_t__u_g.html#subsec_datatype_program
subsec_datatype_text	https://support.hdfgroup.org/documentation/hdf5/latest/_h5_t__u_g.html#subsec_datatype_text
subsec_datatype_transfer	https://support.hdfgroup.org/documentation/hdf5/latest/_h5_t__u_g.html#subsec_datatype_transfer
subsec_datatype_usage	https://support.hdfgroup.org/documentation/hdf5/latest/_h5_t__u_g.html#subsec_datatype_usage
subsec_dim_scales_api_model	https://support.hdfgroup.org/documentation/hdf5/latest/_h5_d_s__u_g.html#subsec_dim_scales_api_model
subsec_dim_scales_concept_defs	https://support.hdfgroup.org/documentation/hdf5/latest/_h5_d_s__u_g.html#subsec_dim_scales_concept_defs
subsec_dim_scales_concept_limits	https://support.hdfgroup.org/documentation/hdf5/latest/_h5_d_s__u_g.html#subsec_dim_scales_concept_limits
subsec_dim_scales_concept_rel	https://support.hdfgroup.org/documentation/hdf5/latest/_h5_d_s__u_g.html#subsec_dim_scales_concept_rel
subsec_dim_scales_concept_types	https://support.hdfgroup.org/documentation/hdf5/latest/_h5_d_s__u_g.html#subsec_dim_scales_concept_types
subsec_dim_scales_ops	https://support.hdfgroup.org/documentation/hdf5/latest/_h5_d_s__u_g.html#subsec_dim_scales_ops
subsec_dim_scales_spec_ex	https://support.hdfgroup.org/documentation/hdf5/latest/_h5_d_s__u_g.html#subsec_dim_scales_spec_ex
subsec_dim_scales_spec_lab	https://support.hdfgroup.org/documentation/hdf5/latest/_h5_d_s__u_g.html#subsec_dim_scales_spec_lab
subsec_dim_scales_spec_shared	https://support.hdfgroup.org/documentation/hdf5/latest/_h5_d_s__u_g.html#subsec_dim_scales_spec_shared
subsec_dim_scales_spec_store	https://support.hdfgroup.org/documentation/hdf5/latest/_h5_d_s__u_g.html#subsec_dim_scales_spec_store
subsec_dim_scales_spec_summary	https://support.hdfgroup.org/documentation/hdf5/latest/_h5_d_s__u_g.html#subsec_dim_scales_spec_summary
subsec_download_114	https://support.hdfgroup.org/documentation/hdf5/latest/rel_spec_114.html#subsec_download_114
subsec_download_2x	https://support.hdfgroup.org/documentation/hdf5/latest/rel_spec_2x.html#subsec_download_2x
subsec_dox_gen_doc_114	https://support.hdfgroup.org/documentation/hdf5/latest/rel_spec_114.html#subsec_dox_gen_doc_114
subsec_dox_gen_doc_2x	https://support.hdfgroup.org/documentation/hdf5/latest/rel_spec_2x.html#subsec_dox_gen_doc_2x
subsec_error_H5A	https://support.hdfgroup.org/documentation/hdf5/latest/_h5_a__u_g.html#subsec_error_H5A
subsec_error_H5E	https://support.hdfgroup.org/documentation/hdf5/latest/_h5_e__u_g.html#subsec_error_H5E
subsec_error_adv	https://support.hdfgroup.org/documentation/hdf5/latest/_h5_e__u_g.html#subsec_error_adv
subsec_error_intro	https://support.hdfgroup.org/documentation/hdf5/latest/_h5_e__u_g.html#subsec_error_intro
subsec_error_ops	https://support.hdfgroup.org/documentation/hdf5/latest/_h5_e__u_g.html#subsec_error_ops
subsec_error_program	https://support.hdfgroup.org/documentation/hdf5/latest/_h5_e__u_g.html#subsec_error_program
subsec_file_access_modes	https://support.hdfgroup.org/documentation/hdf5/latest/_h5_f__u_g.html#subsec_file_access_modes
subsec_file_alternate_drivers	https://support.hdfgroup.org/documentation/hdf5/latest/_h5_f__u_g.html#subsec_file_alternate_drivers
subsec_file_closes	https://support.hdfgroup.org/documentation/hdf5/latest/_h5_f__u_g.html#subsec_file_closes
subsec_file_create	https://support.hdfgroup.org/documentation/hdf5/latest/_h5_f__u_g.html#subsec_file_create
subsec_file_creation_access	https://support.hdfgroup.org/documentation/hdf5/latest/_h5_f__u_g.html#subsec_file_creation_access
subsec_file_drivers	https://support.hdfgroup.org/documentation/hdf5/latest/_h5_f__u_g.html#subsec_file_drivers
subsec_file_examples	https://support.hdfgroup.org/documentation/hdf5/latest/_h5_f__u_g.html#subsec_file_examples
subsec_file_h5dump	https://support.hdfgroup.org/documentation/hdf5/latest/_h5_f__u_g.html#subsec_file_h5dump
subsec_file_image_api	https://support.hdfgroup.org/documentation/hdf5/latest/_h5_f_i_m__u_g.html#subsec_file_image_api
subsec_file_image_example	https://support.hdfgroup.org/documentation/hdf5/latest/_h5_f_i_m__u_g.html#subsec_file_image_example
subsec_file_image_fort	https://support.hdfgroup.org/documentation/hdf5/latest/_h5_f_i_m__u_g.html#subsec_file_image_fort
subsec_file_image_intro	https://support.hdfgroup.org/documentation/hdf5/latest/_h5_f_i_m__u_g.html#subsec_file_image_intro
subsec_file_image_java	https://support.hdfgroup.org/documentation/hdf5/latest/_h5_f_i_m__u_g.html#subsec_file_image_java
subsec_file_image_semantics	https://support.hdfgroup.org/documentation/hdf5/latest/_h5_f_i_m__u_g.html#subsec_file_image_semantics
subsec_file_intro	https://support.hdfgroup.org/documentation/hdf5/latest/_h5_f__u_g.html#subsec_file_intro
subsec_file_multiple	https://support.hdfgroup.org/documentation/hdf5/latest/_h5_f__u_g.html#subsec_file_multiple
subsec_file_program_model	https://support.hdfgroup.org/documentation/hdf5/latest/_h5_f__u_g.html#subsec_file_program_model
subsec_file_property_lists	https://support.hdfgroup.org/documentation/hdf5/latest/_h5_f__u_g.html#subsec_file_property_lists
subsec_file_summary	https://support.hdfgroup.org/documentation/hdf5/latest/_h5_f__u_g.html#subsec_file_summary
subsec_filelock_disable_config	https://support.hdfgroup.org/documentation/hdf5/latest/_file_lock.html#subsec_filelock_disable_config
subsec_filelock_feat_locks	https://support.hdfgroup.org/documentation/hdf5/latest/_file_lock.html#subsec_filelock_feat_locks
subsec_filelock_feat_var	https://support.hdfgroup.org/documentation/hdf5/latest/_file_lock.html#subsec_filelock_feat_var
subsec_filelock_lockdisable_warn	https://support.hdfgroup.org/documentation/hdf5/latest/_file_lock.html#subsec_filelock_lockdisable_warn
subsec_filter_builtin	https://support.hdfgroup.org/documentation/hdf5/latest/_h5_z__u_g.html#subsec_filter_builtin
subsec_filter_custom	https://support.hdfgroup.org/documentation/hdf5/latest/_h5_z__u_g.html#subsec_filter_custom
subsec_filter_intro	https://support.hdfgroup.org/documentation/hdf5/latest/_h5_z__u_g.html#subsec_filter_intro
subsec_filter_pipeline	https://support.hdfgroup.org/documentation/hdf5/latest/_h5_z__u_g.html#subsec_filter_pipeline
subsec_filter_plugins	https://support.hdfgroup.org/documentation/hdf5/latest/_h5_z__u_g.html#subsec_filter_plugins
subsec_filter_plugins_build	https://support.hdfgroup.org/documentation/hdf5/latest/_h5_p_l__u_g.html#subsec_filter_plugins_build
subsec_filter_plugins_design	https://support.hdfgroup.org/documentation/hdf5/latest/_h5_p_l__u_g.html#subsec_filter_plugins_design
subsec_filter_plugins_intro	https://support.hdfgroup.org/documentation/hdf5/latest/_h5_p_l__u_g.html#subsec_filter_plugins_intro
subsec_filter_plugins_model	https://support.hdfgroup.org/documentation/hdf5/latest/_h5_p_l__u_g.html#subsec_filter_plugins_model
subsec_filter_plugins_prog	https://support.hdfgroup.org/documentation/hdf5/latest/_h5_p_l__u_g.html#subsec_filter_plugins_prog
subsec_filter_query	https://support.hdfgroup.org/documentation/hdf5/latest/_h5_z__u_g.html#subsec_filter_query
subsec_filter_summary	https://support.hdfgroup.org/documentation/hdf5/latest/_h5_z__u_g.html#subsec_filter_summary
subsec_filter_usage	https://support.hdfgroup.org/documentation/hdf5/latest/_h5_z__u_g.html#subsec_filter_usage
subsec_fmt11_boot_driver	https://support.hdfgroup.org/documentation/hdf5/latest/_f_m_t11.html#subsec_fmt11_boot_driver
subsec_fmt11_boot_super	https://support.hdfgroup.org/documentation/hdf5/latest/_f_m_t11.html#subsec_fmt11_boot_super
subsec_fmt11_dataobject_hdr	https://support.hdfgroup.org/documentation/hdf5/latest/_f_m_t11.html#subsec_fmt11_dataobject_hdr
subsec_fmt11_dataobject_storage	https://support.hdfgroup.org/documentation/hdf5/latest/_f_m_t11.html#subsec_fmt11_dataobject_storage
subsec_fmt11_infra_btrees	https://support.hdfgroup.org/documentation/hdf5/latest/_f_m_t11.html#subsec_fmt11_infra_btrees
subsec_fmt11_infra_freespaceindex	https://support.hdfgroup.org/documentation/hdf5/latest/_f_m_t11.html#subsec_fmt11_infra_freespaceindex
subsec_fmt11_infra_globalheap	https://support.hdfgroup.org/documentation/hdf5/latest/_f_m_t11.html#subsec_fmt11_infra_globalheap
subsec_fmt11_infra_localheap	https://support.hdfgroup.org/documentation/hdf5/latest/_f_m_t11.html#subsec_fmt11_infra_localheap
subsec_fmt11_infra_symboltable	https://support.hdfgroup.org/documentation/hdf5/latest/_f_m_t11.html#subsec_fmt11_infra_symboltable
subsec_fmt11_infra_symboltableentry	https://support.hdfgroup.org/documentation/hdf5/latest/_f_m_t11.html#subsec_fmt11_infra_symboltableentry
subsec_fmt11_intro_doc	https://support.hdfgroup.org/documentation/hdf5/latest/_f_m_t11.html#subsec_fmt11_intro_doc
subsec_fmt1_dataobject_hdr	https://support.hdfgroup.org/documentation/hdf5/latest/_f_m_t1.html#subsec_fmt1_dataobject_hdr
subsec_fmt1_dataobject_sharedhdr	https://support.hdfgroup.org/documentation/hdf5/latest/_f_m_t1.html#subsec_fmt1_dataobject_sharedhdr
subsec_fmt1_dataobject_storage	https://support.hdfgroup.org/documentation/hdf5/latest/_f_m_t1.html#subsec_fmt1_dataobject_storage
subsec_fmt1_group_btrees	https://support.hdfgroup.org/documentation/hdf5/latest/_f_m_t1.html#subsec_fmt1_group_btrees
subsec_fmt1_group_freespaceindex	https://support.hdfgroup.org/documentation/hdf5/latest/_f_m_t1.html#subsec_fmt1_group_freespaceindex
subsec_fmt1_group_globalheap	https://support.hdfgroup.org/documentation/hdf5/latest/_f_m_t1.html#subsec_fmt1_group_globalheap
subsec_fmt1_group_localheap	https://support.hdfgroup.org/documentation/hdf5/latest/_f_m_t1.html#subsec_fmt1_group_localheap
subsec_fmt1_group_symboltable	https://support.hdfgroup.org/documentation/hdf5/latest/_f_m_t1.html#subsec_fmt1_group_symboltable
subsec_fmt1_group_symboltableentry	https://support.hdfgroup.org/documentation/hdf5/latest/_f_m_t1.html#subsec_fmt1_group_symboltableentry
subsec_fmt1_intro_doc	https://support.hdfgroup.org/documentation/hdf5/latest/_f_m_t1.html#subsec_fmt1_intro_doc
subsec_fmt2_boot_driver	https://support.hdfgroup.org/documentation/hdf5/latest/_f_m_t2.html#subsec_fmt2_boot_driver
subsec_fmt2_boot_super	https://support.hdfgroup.org/documentation/hdf5/latest/_f_m_t2.html#subsec_fmt2_boot_super
subsec_fmt2_boot_supext	https://support.hdfgroup.org/documentation/hdf5/latest/_f_m_t2.html#subsec_fmt2_boot_supext
subsec_fmt2_dataobject_hdr	https://support.hdfgroup.org/documentation/hdf5/latest/_f_m_t2.html#subsec_fmt2_dataobject_hdr
subsec_fmt2_dataobject_hdr_msg	https://support.hdfgroup.org/documentation/hdf5/latest/_f_m_t2.html#subsec_fmt2_dataobject_hdr_msg
subsec_fmt2_dataobject_hdr_prefix	https://support.hdfgroup.org/documentation/hdf5/latest/_f_m_t2.html#subsec_fmt2_dataobject_hdr_prefix
subsec_fmt2_dataobject_storage	https://support.hdfgroup.org/documentation/hdf5/latest/_f_m_t2.html#subsec_fmt2_dataobject_storage
subsec_fmt2_infra_btrees	https://support.hdfgroup.org/documentation/hdf5/latest/_f_m_t2.html#subsec_fmt2_infra_btrees
subsec_fmt2_infra_fractalheap	https://support.hdfgroup.org/documentation/hdf5/latest/_f_m_t2.html#subsec_fmt2_infra_fractalheap
subsec_fmt2_infra_freespaceindex	https://support.hdfgroup.org/documentation/hdf5/latest/_f_m_t2.html#subsec_fmt2_infra_freespaceindex
subsec_fmt2_infra_globalheap	https://support.hdfgroup.org/documentation/hdf5/latest/_f_m_t2.html#subsec_fmt2_infra_globalheap
subsec_fmt2_infra_localheap	https://support.hdfgroup.org/documentation/hdf5/latest/_f_m_t2.html#subsec_fmt2_infra_localheap
subsec_fmt2_infra_sohm	https://support.hdfgroup.org/documentation/hdf5/latest/_f_m_t2.html#subsec_fmt2_infra_sohm
subsec_fmt2_infra_symboltable	https://support.hdfgroup.org/documentation/hdf5/latest/_f_m_t2.html#subsec_fmt2_infra_symboltable
subsec_fmt2_infra_symboltableentry	https://support.hdfgroup.org/documentation/hdf5/latest/_f_m_t2.html#subsec_fmt2_infra_symboltableentry
subsec_fmt2_intro_110	https://support.hdfgroup.org/documentation/hdf5/latest/_f_m_t2.html#subsec_fmt2_intro_110
subsec_fmt2_intro_doc	https://support.hdfgroup.org/documentation/hdf5/latest/_f_m_t2.html#subsec_fmt2_intro_doc
subsec_fmt3_appendixc_appv2btree	https://support.hdfgroup.org/documentation/hdf5/latest/_f_m_t3.html#subsec_fmt3_appendixc_appv2btree
subsec_fmt3_appendixc_chunk	https://support.hdfgroup.org/documentation/hdf5/latest/_f_m_t3.html#subsec_fmt3_appendixc_chunk
subsec_fmt3_appendixc_extarr	https://support.hdfgroup.org/documentation/hdf5/latest/_f_m_t3.html#subsec_fmt3_appendixc_extarr
subsec_fmt3_appendixc_fixedarr	https://support.hdfgroup.org/documentation/hdf5/latest/_f_m_t3.html#subsec_fmt3_appendixc_fixedarr
subsec_fmt3_appendixc_implicit	https://support.hdfgroup.org/documentation/hdf5/latest/_f_m_t3.html#subsec_fmt3_appendixc_implicit
subsec_fmt3_appendixd_encode	https://support.hdfgroup.org/documentation/hdf5/latest/_f_m_t3.html#subsec_fmt3_appendixd_encode
subsec_fmt3_appendixd_encodedp	https://support.hdfgroup.org/documentation/hdf5/latest/_f_m_t3.html#subsec_fmt3_appendixd_encodedp
subsec_fmt3_appendixd_encoderv	https://support.hdfgroup.org/documentation/hdf5/latest/_f_m_t3.html#subsec_fmt3_appendixd_encoderv
subsec_fmt3_boot_driver	https://support.hdfgroup.org/documentation/hdf5/latest/_f_m_t3.html#subsec_fmt3_boot_driver
subsec_fmt3_boot_super	https://support.hdfgroup.org/documentation/hdf5/latest/_f_m_t3.html#subsec_fmt3_boot_super
subsec_fmt3_boot_supext	https://support.hdfgroup.org/documentation/hdf5/latest/_f_m_t3.html#subsec_fmt3_boot_supext
subsec_fmt3_dataobject_hdr	https://support.hdfgroup.org/documentation/hdf5/latest/_f_m_t3.html#subsec_fmt3_dataobject_hdr
subsec_fmt3_dataobject_hdr_msg	https://support.hdfgroup.org/documentation/hdf5/latest/_f_m_t3.html#subsec_fmt3_dataobject_hdr_msg
subsec_fmt3_dataobject_hdr_prefix	https://support.hdfgroup.org/documentation/hdf5/latest/_f_m_t3.html#subsec_fmt3_dataobject_hdr_prefix
subsec_fmt3_dataobject_storage	https://support.hdfgroup.org/documentation/hdf5/latest/_f_m_t3.html#subsec_fmt3_dataobject_storage
subsec_fmt3_infra_btrees	https://support.hdfgroup.org/documentation/hdf5/latest/_f_m_t3.html#subsec_fmt3_infra_btrees
subsec_fmt3_infra_fractalheap	https://support.hdfgroup.org/documentation/hdf5/latest/_f_m_t3.html#subsec_fmt3_infra_fractalheap
subsec_fmt3_infra_freespaceindex	https://support.hdfgroup.org/documentation/hdf5/latest/_f_m_t3.html#subsec_fmt3_infra_freespaceindex
subsec_fmt3_infra_globalheap	https://support.hdfgroup.org/documentation/hdf5/latest/_f_m_t3.html#subsec_fmt3_infra_globalheap
subsec_fmt3_infra_globalheapvds	https://support.hdfgroup.org/documentation/hdf5/latest/_f_m_t3.html#subsec_fmt3_infra_globalheapvds
subsec_fmt3_infra_localheap	https://support.hdfgroup.org/documentation/hdf5/latest/_f_m_t3.html#subsec_fmt3_infra_localheap
subsec_fmt3_infra_sohm	https://support.hdfgroup.org/documentation/hdf5/latest/_f_m_t3.html#subsec_fmt3_infra_sohm
subsec_fmt3_infra_symboltable	https://support.hdfgroup.org/documentation/hdf5/latest/_f_m_t3.html#subsec_fmt3_infra_symboltable
subsec_fmt3_infra_symboltableentry	https://support.hdfgroup.org/documentation/hdf5/latest/_f_m_t3.html#subsec_fmt3_infra_symboltableentry
subsec_fmt3_intro_110	https://support.hdfgroup.org/documentation/hdf5/latest/_f_m_t3.html#subsec_fmt3_intro_110
subsec_fmt3_intro_112	https://support.hdfgroup.org/documentation/hdf5/latest/_f_m_t3.html#subsec_fmt3_intro_112
subsec_fmt3_intro_20	https://support.hdfgroup.org/documentation/hdf5/latest/_f_m_t3.html#subsec_fmt3_intro_20
subsec_fmt3_intro_doc	https://support.hdfgroup.org/documentation/hdf5/latest/_f_m_t3.html#subsec_fmt3_intro_doc
subsec_fmt4_appendixc_appv2btree	https://support.hdfgroup.org/documentation/hdf5/latest/_f_m_t4.html#subsec_fmt4_appendixc_appv2btree
subsec_fmt4_appendixc_chunk	https://support.hdfgroup.org/documentation/hdf5/latest/_f_m_t4.html#subsec_fmt4_appendixc_chunk
subsec_fmt4_appendixc_extarr	https://support.hdfgroup.org/documentation/hdf5/latest/_f_m_t4.html#subsec_fmt4_appendixc_extarr
subsec_fmt4_appendixc_fixedarr	https://support.hdfgroup.org/documentation/hdf5/latest/_f_m_t4.html#subsec_fmt4_appendixc_fixedarr
subsec_fmt4_appendixc_implicit	https://support.hdfgroup.org/documentation/hdf5/latest/_f_m_t4.html#subsec_fmt4_appendixc_implicit
subsec_fmt4_appendixd_encode	https://support.hdfgroup.org/documentation/hdf5/latest/_f_m_t4.html#subsec_fmt4_appendixd_encode
subsec_fmt4_appendixd_encodedp	https://support.hdfgroup.org/documentation/hdf5/latest/_f_m_t4.html#subsec_fmt4_appendixd_encodedp
subsec_fmt4_appendixd_encoderv	https://support.hdfgroup.org/documentation/hdf5/latest/_f_m_t4.html#subsec_fmt4_appendixd_encoderv
subsec_fmt4_appendixd_encodet	https://support.hdfgroup.org/documentation/hdf5/latest/_f_m_t4.html#subsec_fmt4_appendixd_encodet
subsec_fmt4_boot_driver	https://support.hdfgroup.org/documentation/hdf5/latest/_f_m_t4.html#subsec_fmt4_boot_driver
subsec_fmt4_boot_super	https://support.hdfgroup.org/documentation/hdf5/latest/_f_m_t4.html#subsec_fmt4_boot_super
subsec_fmt4_boot_supext	https://support.hdfgroup.org/documentation/hdf5/latest/_f_m_t4.html#subsec_fmt4_boot_supext
subsec_fmt4_dataobject_hdr	https://support.hdfgroup.org/documentation/hdf5/latest/_f_m_t4.html#subsec_fmt4_dataobject_hdr
subsec_fmt4_dataobject_hdr_msg	https://support.hdfgroup.org/documentation/hdf5/latest/_f_m_t4.html#subsec_fmt4_dataobject_hdr_msg
subsec_fmt4_dataobject_hdr_msg_catalog	https://support.hdfgroup.org/documentation/hdf5/latest/_f_m_t4.html#subsec_fmt4_dataobject_hdr_msg_catalog
subsec_fmt4_dataobject_hdr_prefix	https://support.hdfgroup.org/documentation/hdf5/latest/_f_m_t4.html#subsec_fmt4_dataobject_hdr_prefix
subsec_fmt4_dataobject_storage	https://support.hdfgroup.org/documentation/hdf5/latest/_f_m_t4.html#subsec_fmt4_dataobject_storage
subsec_fmt4_infra_btrees	https://support.hdfgroup.org/documentation/hdf5/latest/_f_m_t4.html#subsec_fmt4_infra_btrees
subsec_fmt4_infra_fractalheap	https://support.hdfgroup.org/documentation/hdf5/latest/_f_m_t4.html#subsec_fmt4_infra_fractalheap
subsec_fmt4_infra_freespaceindex	https://support.hdfgroup.org/documentation/hdf5/latest/_f_m_t4.html#subsec_fmt4_infra_freespaceindex
subsec_fmt4_infra_globalheap	https://support.hdfgroup.org/documentation/hdf5/latest/_f_m_t4.html#subsec_fmt4_infra_globalheap
subsec_fmt4_infra_globalheapvds	https://support.hdfgroup.org/documentation/hdf5/latest/_f_m_t4.html#subsec_fmt4_infra_globalheapvds
subsec_fmt4_infra_localheap	https://support.hdfgroup.org/documentation/hdf5/latest/_f_m_t4.html#subsec_fmt4_infra_localheap
subsec_fmt4_infra_mdci	https://support.hdfgroup.org/documentation/hdf5/latest/_f_m_t4.html#subsec_fmt4_infra_mdci
subsec_fmt4_infra_sohm	https://support.hdfgroup.org/documentation/hdf5/latest/_f_m_t4.html#subsec_fmt4_infra_sohm
subsec_fmt4_infra_symboltable	https://support.hdfgroup.org/documentation/hdf5/latest/_f_m_t4.html#subsec_fmt4_infra_symboltable
subsec_fmt4_infra_symboltableentry	https://support.hdfgroup.org/documentation/hdf5/latest/_f_m_t4.html#subsec_fmt4_infra_symboltableentry
subsec_fmt4_intro_110	https://support.hdfgroup.org/documentation/hdf5/latest/_f_m_t4.html#subsec_fmt4_intro_110
subsec_fmt4_intro_112	https://support.hdfgroup.org/documentation/hdf5/latest/_f_m_t4.html#subsec_fmt4_intro_112
subsec_fmt4_intro_20	https://support.hdfgroup.org/documentation/hdf5/latest/_f_m_t4.html#subsec_fmt4_intro_20
subsec_fmt4_intro_doc	https://support.hdfgroup.org/documentation/hdf5/latest/_f_m_t4.html#subsec_fmt4_intro_doc
subsec_freeing_memory_mitigation1	https://support.hdfgroup.org/documentation/hdf5/latest/freeing_memory.html#subsec_freeing_memory_mitigation1
subsec_freeing_memory_mitigation2	https://support.hdfgroup.org/documentation/hdf5/latest/freeing_memory.html#subsec_freeing_memory_mitigation2
subsec_group_descr	https://support.hdfgroup.org/documentation/hdf5/latest/_h5_g__u_g.html#subsec_group_descr
subsec_group_examples	https://support.hdfgroup.org/documentation/hdf5/latest/_h5_g__u_g.html#subsec_group_examples
subsec_group_function	https://support.hdfgroup.org/documentation/hdf5/latest/_h5_g__u_g.html#subsec_group_function
subsec_group_h5dump	https://support.hdfgroup.org/documentation/hdf5/latest/_h5_g__u_g.html#subsec_group_h5dump
subsec_group_intro	https://support.hdfgroup.org/documentation/hdf5/latest/_h5_g__u_g.html#subsec_group_intro
subsec_group_program	https://support.hdfgroup.org/documentation/hdf5/latest/_h5_g__u_g.html#subsec_group_program
subsec_hl_images_intro	https://support.hdfgroup.org/documentation/hdf5/latest/_h5_i_m__u_g.html#subsec_hl_images_intro
subsec_hl_images_ops	https://support.hdfgroup.org/documentation/hdf5/latest/_h5_i_m__u_g.html#subsec_hl_images_ops
subsec_hl_lite_attr	https://support.hdfgroup.org/documentation/hdf5/latest/_h5_l_t__u_g.html#subsec_hl_lite_attr
subsec_hl_lite_dataset	https://support.hdfgroup.org/documentation/hdf5/latest/_h5_l_t__u_g.html#subsec_hl_lite_dataset
subsec_hl_lite_intro	https://support.hdfgroup.org/documentation/hdf5/latest/_h5_l_t__u_g.html#subsec_hl_lite_intro
subsec_hl_lite_util	https://support.hdfgroup.org/documentation/hdf5/latest/_h5_l_t__u_g.html#subsec_hl_lite_util
subsec_hl_packet_intro	https://support.hdfgroup.org/documentation/hdf5/latest/_h5_p_t__u_g.html#subsec_hl_packet_intro
subsec_hl_packet_ops	https://support.hdfgroup.org/documentation/hdf5/latest/_h5_p_t__u_g.html#subsec_hl_packet_ops
subsec_hl_table_intro	https://support.hdfgroup.org/documentation/hdf5/latest/_h5_t_b__u_g.html#subsec_hl_table_intro
subsec_hl_table_ops	https://support.hdfgroup.org/documentation/hdf5/latest/_h5_t_b__u_g.html#subsec_hl_table_ops
subsec_hldo_direct_chunk_caution	https://support.hdfgroup.org/documentation/hdf5/latest/_h5_d_o__u_g.html#subsec_hldo_direct_chunk_caution
subsec_hldo_direct_chunk_design	https://support.hdfgroup.org/documentation/hdf5/latest/_h5_d_o__u_g.html#subsec_hldo_direct_chunk_design
subsec_hldo_direct_chunk_example	https://support.hdfgroup.org/documentation/hdf5/latest/_h5_d_o__u_g.html#subsec_hldo_direct_chunk_example
subsec_hldo_direct_chunk_perf	https://support.hdfgroup.org/documentation/hdf5/latest/_h5_d_o__u_g.html#subsec_hldo_direct_chunk_perf
subsec_hldo_direct_chunk_using	https://support.hdfgroup.org/documentation/hdf5/latest/_h5_d_o__u_g.html#subsec_hldo_direct_chunk_using
subsec_identifier_intro	https://support.hdfgroup.org/documentation/hdf5/latest/_h5_i__u_g.html#subsec_identifier_intro
subsec_identifier_iteration	https://support.hdfgroup.org/documentation/hdf5/latest/_h5_i__u_g.html#subsec_identifier_iteration
subsec_identifier_query	https://support.hdfgroup.org/documentation/hdf5/latest/_h5_i__u_g.html#subsec_identifier_query
subsec_identifier_refcount	https://support.hdfgroup.org/documentation/hdf5/latest/_h5_i__u_g.html#subsec_identifier_refcount
subsec_identifier_summary	https://support.hdfgroup.org/documentation/hdf5/latest/_h5_i__u_g.html#subsec_identifier_summary
subsec_identifier_types	https://support.hdfgroup.org/documentation/hdf5/latest/_h5_i__u_g.html#subsec_identifier_types
subsec_identifier_user	https://support.hdfgroup.org/documentation/hdf5/latest/_h5_i__u_g.html#subsec_identifier_user
subsec_identifier_valid	https://support.hdfgroup.org/documentation/hdf5/latest/_h5_i__u_g.html#subsec_identifier_valid
subsec_image_spec_spec_attr	https://support.hdfgroup.org/documentation/hdf5/latest/_i_m_g.html#subsec_image_spec_spec_attr
subsec_image_spec_spec_attr_attr	https://support.hdfgroup.org/documentation/hdf5/latest/_i_m_g.html#subsec_image_spec_spec_attr_attr
subsec_image_spec_spec_over	https://support.hdfgroup.org/documentation/hdf5/latest/_i_m_g.html#subsec_image_spec_spec_over
subsec_image_spec_spec_store	https://support.hdfgroup.org/documentation/hdf5/latest/_i_m_g.html#subsec_image_spec_spec_store
subsec_improve_compressed_perf_chunk_chunk	https://support.hdfgroup.org/documentation/hdf5/latest/improve_compressed_perf.html#subsec_improve_compressed_perf_chunk_chunk
subsec_improve_compressed_perf_chunk_comp	https://support.hdfgroup.org/documentation/hdf5/latest/improve_compressed_perf.html#subsec_improve_compressed_perf_chunk_comp
subsec_improve_compressed_perf_tune_access	https://support.hdfgroup.org/documentation/hdf5/latest/improve_compressed_perf.html#subsec_improve_compressed_perf_tune_access
subsec_improve_compressed_perf_tune_cache	https://support.hdfgroup.org/documentation/hdf5/latest/improve_compressed_perf.html#subsec_improve_compressed_perf_tune_cache
subsec_improve_compressed_perf_tune_size	https://support.hdfgroup.org/documentation/hdf5/latest/improve_compressed_perf.html#subsec_improve_compressed_perf_tune_size
subsec_initshut_app_explicit	https://support.hdfgroup.org/documentation/hdf5/latest/_init_shut.html#subsec_initshut_app_explicit
subsec_initshut_app_implicit	https://support.hdfgroup.org/documentation/hdf5/latest/_init_shut.html#subsec_initshut_app_implicit
subsec_intro_desc_dm	https://support.hdfgroup.org/documentation/hdf5/latest/_intro_h_d_f5.html#subsec_intro_desc_dm
subsec_intro_desc_dm_dset	https://support.hdfgroup.org/documentation/hdf5/latest/_intro_h_d_f5.html#subsec_intro_desc_dm_dset
subsec_intro_desc_dm_group	https://support.hdfgroup.org/documentation/hdf5/latest/_intro_h_d_f5.html#subsec_intro_desc_dm_group
subsec_intro_desc_file	https://support.hdfgroup.org/documentation/hdf5/latest/_intro_h_d_f5.html#subsec_intro_desc_file
subsec_intro_desc_prop_attr	https://support.hdfgroup.org/documentation/hdf5/latest/_intro_h_d_f5.html#subsec_intro_desc_prop_attr
subsec_intro_desc_prop_dspace	https://support.hdfgroup.org/documentation/hdf5/latest/_intro_h_d_f5.html#subsec_intro_desc_prop_dspace
subsec_intro_desc_prop_dtype	https://support.hdfgroup.org/documentation/hdf5/latest/_intro_h_d_f5.html#subsec_intro_desc_prop_dtype
subsec_intro_desc_prop_property	https://support.hdfgroup.org/documentation/hdf5/latest/_intro_h_d_f5.html#subsec_intro_desc_prop_property
subsec_intro_desc_props	https://support.hdfgroup.org/documentation/hdf5/latest/_intro_h_d_f5.html#subsec_intro_desc_props
subsec_intro_desc_soft	https://support.hdfgroup.org/documentation/hdf5/latest/_intro_h_d_f5.html#subsec_intro_desc_soft
subsec_intro_desc_soft_apis	https://support.hdfgroup.org/documentation/hdf5/latest/_intro_h_d_f5.html#subsec_intro_desc_soft_apis
subsec_intro_desc_soft_tools	https://support.hdfgroup.org/documentation/hdf5/latest/_intro_h_d_f5.html#subsec_intro_desc_soft_tools
subsec_intro_pm_attr	https://support.hdfgroup.org/documentation/hdf5/latest/_intro_h_d_f5.html#subsec_intro_pm_attr
subsec_intro_pm_dataset	https://support.hdfgroup.org/documentation/hdf5/latest/_intro_h_d_f5.html#subsec_intro_pm_dataset
subsec_intro_pm_file	https://support.hdfgroup.org/documentation/hdf5/latest/_intro_h_d_f5.html#subsec_intro_pm_file
subsec_intro_pm_group	https://support.hdfgroup.org/documentation/hdf5/latest/_intro_h_d_f5.html#subsec_intro_pm_group
subsec_intro_pm_write	https://support.hdfgroup.org/documentation/hdf5/latest/_intro_h_d_f5.html#subsec_intro_pm_write
subsec_learn_hv_begin_topics	https://support.hdfgroup.org/documentation/hdf5/latest/_learn_h_d_f_view.html#subsec_learn_hv_begin_topics
subsec_learn_hv_topics_attr	https://support.hdfgroup.org/documentation/hdf5/latest/_learn_h_d_f_view.html#subsec_learn_hv_topics_attr
subsec_learn_hv_topics_compress	https://support.hdfgroup.org/documentation/hdf5/latest/_learn_h_d_f_view.html#subsec_learn_hv_topics_compress
subsec_learn_hv_topics_file	https://support.hdfgroup.org/documentation/hdf5/latest/_learn_h_d_f_view.html#subsec_learn_hv_topics_file
subsec_learn_hv_topics_image	https://support.hdfgroup.org/documentation/hdf5/latest/_learn_h_d_f_view.html#subsec_learn_hv_topics_image
subsec_learn_hv_topics_subset	https://support.hdfgroup.org/documentation/hdf5/latest/_learn_h_d_f_view.html#subsec_learn_hv_topics_subset
subsec_learn_hv_topics_table	https://support.hdfgroup.org/documentation/hdf5/latest/_learn_h_d_f_view.html#subsec_learn_hv_topics_table
subsec_learn_intro	https://support.hdfgroup.org/documentation/hdf5/latest/_getting_started.html#subsec_learn_intro
subsec_learn_tutor	https://support.hdfgroup.org/documentation/hdf5/latest/_getting_started.html#subsec_learn_tutor
subsec_link_create	https://support.hdfgroup.org/documentation/hdf5/latest/_h5_l__u_g.html#subsec_link_create
subsec_link_intro	https://support.hdfgroup.org/documentation/hdf5/latest/_h5_l__u_g.html#subsec_link_intro
subsec_link_ops	https://support.hdfgroup.org/documentation/hdf5/latest/_h5_l__u_g.html#subsec_link_ops
subsec_link_summary	https://support.hdfgroup.org/documentation/hdf5/latest/_h5_l__u_g.html#subsec_link_summary
subsec_link_traverse	https://support.hdfgroup.org/documentation/hdf5/latest/_h5_l__u_g.html#subsec_link_traverse
subsec_link_types	https://support.hdfgroup.org/documentation/hdf5/latest/_h5_l__u_g.html#subsec_link_types
subsec_link_user	https://support.hdfgroup.org/documentation/hdf5/latest/_h5_l__u_g.html#subsec_link_user
subsec_map_datatypes	https://support.hdfgroup.org/documentation/hdf5/latest/_h5_m__u_g.html#subsec_map_datatypes
subsec_map_example	https://support.hdfgroup.org/documentation/hdf5/latest/_h5_m__u_g.html#subsec_map_example
subsec_map_intro	https://support.hdfgroup.org/documentation/hdf5/latest/_h5_m__u_g.html#subsec_map_intro
subsec_map_lifecycle	https://support.hdfgroup.org/documentation/hdf5/latest/_h5_m__u_g.html#subsec_map_lifecycle
subsec_map_notes	https://support.hdfgroup.org/documentation/hdf5/latest/_h5_m__u_g.html#subsec_map_notes
subsec_map_plist	https://support.hdfgroup.org/documentation/hdf5/latest/_h5_m__u_g.html#subsec_map_plist
subsec_maven_artifacts	https://support.hdfgroup.org/documentation/hdf5/latest/_c_b__maven_artifacts.html#subsec_maven_artifacts
subsec_maven_examples	https://support.hdfgroup.org/documentation/hdf5/latest/_c_b__maven_artifacts.html#subsec_maven_examples
subsec_maven_ffm	https://support.hdfgroup.org/documentation/hdf5/latest/_c_b__maven_artifacts.html#subsec_maven_ffm
subsec_maven_jni	https://support.hdfgroup.org/documentation/hdf5/latest/_c_b__maven_artifacts.html#subsec_maven_jni
subsec_maven_migration	https://support.hdfgroup.org/documentation/hdf5/latest/_c_b__maven_artifacts.html#subsec_maven_migration
subsec_maven_repositories	https://support.hdfgroup.org/documentation/hdf5/latest/_c_b__maven_artifacts.html#subsec_maven_repositories
subsec_maven_testing	https://support.hdfgroup.org/documentation/hdf5/latest/_c_b__maven_artifacts.html#subsec_maven_testing
subsec_maven_troubleshooting	https://support.hdfgroup.org/documentation/hdf5/latest/_c_b__maven_artifacts.html#subsec_maven_troubleshooting
subsec_mod_region_writes_intro_how	https://support.hdfgroup.org/documentation/hdf5/latest/mod_region_writes.html#subsec_mod_region_writes_intro_how
subsec_mod_region_writes_intro_new	https://support.hdfgroup.org/documentation/hdf5/latest/mod_region_writes.html#subsec_mod_region_writes_intro_new
subsec_mod_region_writes_intro_perf	https://support.hdfgroup.org/documentation/hdf5/latest/mod_region_writes.html#subsec_mod_region_writes_intro_perf
subsec_mod_region_writes_refs_virt	https://support.hdfgroup.org/documentation/hdf5/latest/mod_region_writes.html#subsec_mod_region_writes_refs_virt
subsec_object_cache	https://support.hdfgroup.org/documentation/hdf5/latest/_h5_o__u_g.html#subsec_object_cache
subsec_object_comments	https://support.hdfgroup.org/documentation/hdf5/latest/_h5_o__u_g.html#subsec_object_comments
subsec_object_intro	https://support.hdfgroup.org/documentation/hdf5/latest/_h5_o__u_g.html#subsec_object_intro
subsec_object_ops	https://support.hdfgroup.org/documentation/hdf5/latest/_h5_o__u_g.html#subsec_object_ops
subsec_object_refcount	https://support.hdfgroup.org/documentation/hdf5/latest/_h5_o__u_g.html#subsec_object_refcount
subsec_object_summary	https://support.hdfgroup.org/documentation/hdf5/latest/_h5_o__u_g.html#subsec_object_summary
subsec_object_visit	https://support.hdfgroup.org/documentation/hdf5/latest/_h5_o__u_g.html#subsec_object_visit
subsec_obtain_method_114	https://support.hdfgroup.org/documentation/hdf5/latest/rel_spec_114.html#subsec_obtain_method_114
subsec_obtain_method_2x	https://support.hdfgroup.org/documentation/hdf5/latest/rel_spec_2x.html#subsec_obtain_method_2x
subsec_parcompr_perf_align	https://support.hdfgroup.org/documentation/hdf5/latest/_par_compr.html#subsec_parcompr_perf_align
subsec_parcompr_perf_avoid	https://support.hdfgroup.org/documentation/hdf5/latest/_par_compr.html#subsec_parcompr_perf_avoid
subsec_parcompr_perf_begin	https://support.hdfgroup.org/documentation/hdf5/latest/_par_compr.html#subsec_parcompr_perf_begin
subsec_parcompr_perf_coll	https://support.hdfgroup.org/documentation/hdf5/latest/_par_compr.html#subsec_parcompr_perf_coll
subsec_parcompr_perf_libver	https://support.hdfgroup.org/documentation/hdf5/latest/_par_compr.html#subsec_parcompr_perf_libver
subsec_parcompr_perf_low	https://support.hdfgroup.org/documentation/hdf5/latest/_par_compr.html#subsec_parcompr_perf_low
subsec_parcompr_perf_space	https://support.hdfgroup.org/documentation/hdf5/latest/_par_compr.html#subsec_parcompr_perf_space
subsec_pintro_create_dset	https://support.hdfgroup.org/documentation/hdf5/latest/_intro_par_h_d_f5.html#subsec_pintro_create_dset
subsec_pintro_create_file	https://support.hdfgroup.org/documentation/hdf5/latest/_intro_par_h_d_f5.html#subsec_pintro_create_file
subsec_pintro_hyperslabs	https://support.hdfgroup.org/documentation/hdf5/latest/_intro_par_h_d_f5.html#subsec_pintro_hyperslabs
subsec_pintro_prog	https://support.hdfgroup.org/documentation/hdf5/latest/_intro_par_h_d_f5.html#subsec_pintro_prog
subsec_plist_H5P	https://support.hdfgroup.org/documentation/hdf5/latest/_h5_p__u_g.html#subsec_plist_H5P
subsec_plist_class	https://support.hdfgroup.org/documentation/hdf5/latest/_h5_p__u_g.html#subsec_plist_class
subsec_plist_generic	https://support.hdfgroup.org/documentation/hdf5/latest/_h5_p__u_g.html#subsec_plist_generic
subsec_plist_intro	https://support.hdfgroup.org/documentation/hdf5/latest/_h5_p__u_g.html#subsec_plist_intro
subsec_plist_notes	https://support.hdfgroup.org/documentation/hdf5/latest/_h5_p__u_g.html#subsec_plist_notes
subsec_plist_program	https://support.hdfgroup.org/documentation/hdf5/latest/_h5_p__u_g.html#subsec_plist_program
subsec_plist_resources	https://support.hdfgroup.org/documentation/hdf5/latest/_h5_p__u_g.html#subsec_plist_resources
subsec_program_intro	https://support.hdfgroup.org/documentation/hdf5/latest/_h5__u_g.html#subsec_program_intro
subsec_program_model	https://support.hdfgroup.org/documentation/hdf5/latest/_h5__u_g.html#subsec_program_model
subsec_program_transfer_pipeline	https://support.hdfgroup.org/documentation/hdf5/latest/_h5__u_g.html#subsec_program_transfer_pipeline
subsec_reference_compat	https://support.hdfgroup.org/documentation/hdf5/latest/_h5_r__u_g.html#subsec_reference_compat
subsec_reference_dep	https://support.hdfgroup.org/documentation/hdf5/latest/_h5_r__u_g.html#subsec_reference_dep
subsec_reference_example	https://support.hdfgroup.org/documentation/hdf5/latest/_h5_r__u_g.html#subsec_reference_example
subsec_reference_intro	https://support.hdfgroup.org/documentation/hdf5/latest/_h5_r__u_g.html#subsec_reference_intro
subsec_reference_new	https://support.hdfgroup.org/documentation/hdf5/latest/_h5_r__u_g.html#subsec_reference_new
subsec_rel_info_114	https://support.hdfgroup.org/documentation/hdf5/latest/rel_spec_114.html#subsec_rel_info_114
subsec_rel_info_2x	https://support.hdfgroup.org/documentation/hdf5/latest/rel_spec_2x.html#subsec_rel_info_2x
subsec_rel_spec_110_change_0versus8_16	https://support.hdfgroup.org/documentation/hdf5/latest/rel_spec_110_change.html#subsec_rel_spec_110_change_0versus8_16
subsec_rel_spec_110_change_0versus8_16_apicompat	https://support.hdfgroup.org/documentation/hdf5/latest/rel_spec_110_change.html#subsec_rel_spec_110_change_0versus8_16_apicompat
subsec_rel_spec_110_change_0versus8_16_auto	https://support.hdfgroup.org/documentation/hdf5/latest/rel_spec_110_change.html#subsec_rel_spec_110_change_0versus8_16_auto
subsec_rel_spec_110_change_0versus8_16_compat	https://support.hdfgroup.org/documentation/hdf5/latest/rel_spec_110_change.html#subsec_rel_spec_110_change_0versus8_16_compat
subsec_rel_spec_110_change_1versus0	https://support.hdfgroup.org/documentation/hdf5/latest/rel_spec_110_change.html#subsec_rel_spec_110_change_1versus0
subsec_rel_spec_110_change_1versus0_compat	https://support.hdfgroup.org/documentation/hdf5/latest/rel_spec_110_change.html#subsec_rel_spec_110_change_1versus0_compat
subsec_rel_spec_110_change_2versus1	https://support.hdfgroup.org/documentation/hdf5/latest/rel_spec_110_change.html#subsec_rel_spec_110_change_2versus1
subsec_rel_spec_110_change_2versus1_compat	https://support.hdfgroup.org/documentation/hdf5/latest/rel_spec_110_change.html#subsec_rel_spec_110_change_2versus1_compat
subsec_rel_spec_110_change_3versus2	https://support.hdfgroup.org/documentation/hdf5/latest/rel_spec_110_change.html#subsec_rel_spec_110_change_3versus2
subsec_rel_spec_110_change_4versus3	https://support.hdfgroup.org/documentation/hdf5/latest/rel_spec_110_change.html#subsec_rel_spec_110_change_4versus3
subsec_rel_spec_110_change_4versus3_compat	https://support.hdfgroup.org/documentation/hdf5/latest/rel_spec_110_change.html#subsec_rel_spec_110_change_4versus3_compat
subsec_rel_spec_110_change_5versus4	https://support.hdfgroup.org/documentation/hdf5/latest/rel_spec_110_change.html#subsec_rel_spec_110_change_5versus4
subsec_rel_spec_110_change_5versus4_compat	https://support.hdfgroup.org/documentation/hdf5/latest/rel_spec_110_change.html#subsec_rel_spec_110_change_5versus4_compat
subsec_rel_spec_110_change_6versus5	https://support.hdfgroup.org/documentation/hdf5/latest/rel_spec_110_change.html#subsec_rel_spec_110_change_6versus5
subsec_rel_spec_110_change_6versus5_compat	https://support.hdfgroup.org/documentation/hdf5/latest/rel_spec_110_change.html#subsec_rel_spec_110_change_6versus5_compat
subsec_rel_spec_110_change_7versus6	https://support.hdfgroup.org/documentation/hdf5/latest/rel_spec_110_change.html#subsec_rel_spec_110_change_7versus6
subsec_rel_spec_110_change_7versus6_compat	https://support.hdfgroup.org/documentation/hdf5/latest/rel_spec_110_change.html#subsec_rel_spec_110_change_7versus6_compat
subsec_rel_spec_110_change_8versus7	https://support.hdfgroup.org/documentation/hdf5/latest/rel_spec_110_change.html#subsec_rel_spec_110_change_8versus7
subsec_rel_spec_110_change_8versus7_compat	https://support.hdfgroup.org/documentation/hdf5/latest/rel_spec_110_change.html#subsec_rel_spec_110_change_8versus7_compat
subsec_rel_spec_110_change_8versus7_func	https://support.hdfgroup.org/documentation/hdf5/latest/rel_spec_110_change.html#subsec_rel_spec_110_change_8versus7_func
subsec_rel_spec_110_change_9versus8	https://support.hdfgroup.org/documentation/hdf5/latest/rel_spec_110_change.html#subsec_rel_spec_110_change_9versus8
subsec_rel_spec_110_change_9versus8_compat	https://support.hdfgroup.org/documentation/hdf5/latest/rel_spec_110_change.html#subsec_rel_spec_110_change_9versus8_compat
subsec_rel_spec_110_change_9versus8_func	https://support.hdfgroup.org/documentation/hdf5/latest/rel_spec_110_change.html#subsec_rel_spec_110_change_9versus8_func
subsec_rel_spec_110_change_compatibility	https://support.hdfgroup.org/documentation/hdf5/latest/rel_spec_110_change.html#subsec_rel_spec_110_change_compatibility
subsec_rel_spec_110_feat_add	https://support.hdfgroup.org/documentation/hdf5/latest/rel_spec_110.html#subsec_rel_spec_110_feat_add
subsec_rel_spec_110_feat_new_0	https://support.hdfgroup.org/documentation/hdf5/latest/rel_spec_110.html#subsec_rel_spec_110_feat_new_0
subsec_rel_spec_110_feat_new_1	https://support.hdfgroup.org/documentation/hdf5/latest/rel_spec_110.html#subsec_rel_spec_110_feat_new_1
subsec_rel_spec_110_feat_new_2	https://support.hdfgroup.org/documentation/hdf5/latest/rel_spec_110.html#subsec_rel_spec_110_feat_new_2
subsec_rel_spec_110_feat_new_2_compat	https://support.hdfgroup.org/documentation/hdf5/latest/rel_spec_110.html#subsec_rel_spec_110_feat_new_2_compat
subsec_rel_spec_110_feat_new_3	https://support.hdfgroup.org/documentation/hdf5/latest/rel_spec_110.html#subsec_rel_spec_110_feat_new_3
subsec_rel_spec_110_feat_new_4	https://support.hdfgroup.org/documentation/hdf5/latest/rel_spec_110.html#subsec_rel_spec_110_feat_new_4
subsec_rel_spec_110_feat_new_5	https://support.hdfgroup.org/documentation/hdf5/latest/rel_spec_110.html#subsec_rel_spec_110_feat_new_5
subsec_rel_spec_110_feat_new_6	https://support.hdfgroup.org/documentation/hdf5/latest/rel_spec_110.html#subsec_rel_spec_110_feat_new_6
subsec_rel_spec_110_feat_new_7	https://support.hdfgroup.org/documentation/hdf5/latest/rel_spec_110.html#subsec_rel_spec_110_feat_new_7
subsec_rel_spec_110_feat_new_8	https://support.hdfgroup.org/documentation/hdf5/latest/rel_spec_110.html#subsec_rel_spec_110_feat_new_8
subsec_rel_spec_110_migrate_faq	https://support.hdfgroup.org/documentation/hdf5/latest/rel_spec_110.html#subsec_rel_spec_110_migrate_faq
subsec_rel_spec_112_change_0versus10_6	https://support.hdfgroup.org/documentation/hdf5/latest/rel_spec_112_change.html#subsec_rel_spec_112_change_0versus10_6
subsec_rel_spec_112_change_1versus0	https://support.hdfgroup.org/documentation/hdf5/latest/rel_spec_112_change.html#subsec_rel_spec_112_change_1versus0
subsec_rel_spec_112_change_2versus1	https://support.hdfgroup.org/documentation/hdf5/latest/rel_spec_112_change.html#subsec_rel_spec_112_change_2versus1
subsec_rel_spec_112_feat_hyper	https://support.hdfgroup.org/documentation/hdf5/latest/rel_spec_112.html#subsec_rel_spec_112_feat_hyper
subsec_rel_spec_112_feat_rfc	https://support.hdfgroup.org/documentation/hdf5/latest/rel_spec_112.html#subsec_rel_spec_112_feat_rfc
subsec_rel_spec_112_feat_sel	https://support.hdfgroup.org/documentation/hdf5/latest/rel_spec_112.html#subsec_rel_spec_112_feat_sel
subsec_rel_spec_112_feat_vol	https://support.hdfgroup.org/documentation/hdf5/latest/rel_spec_112.html#subsec_rel_spec_112_feat_vol
subsec_rel_spec_112_migrate_compile	https://support.hdfgroup.org/documentation/hdf5/latest/rel_spec_112.html#subsec_rel_spec_112_migrate_compile
subsec_rel_spec_112_migrate_encode	https://support.hdfgroup.org/documentation/hdf5/latest/rel_spec_112.html#subsec_rel_spec_112_migrate_encode
subsec_rel_spec_112_migrate_func	https://support.hdfgroup.org/documentation/hdf5/latest/rel_spec_112.html#subsec_rel_spec_112_migrate_func
subsec_rel_spec_112_migrate_token	https://support.hdfgroup.org/documentation/hdf5/latest/rel_spec_112.html#subsec_rel_spec_112_migrate_token
subsec_rel_spec_114_change_0versus12_2	https://support.hdfgroup.org/documentation/hdf5/latest/rel_spec_114_change.html#subsec_rel_spec_114_change_0versus12_2
subsec_rel_spec_114_change_1versus0	https://support.hdfgroup.org/documentation/hdf5/latest/rel_spec_114_change.html#subsec_rel_spec_114_change_1versus0
subsec_rel_spec_114_change_2versus1	https://support.hdfgroup.org/documentation/hdf5/latest/rel_spec_114_change.html#subsec_rel_spec_114_change_2versus1
subsec_rel_spec_114_change_3versus2	https://support.hdfgroup.org/documentation/hdf5/latest/rel_spec_114_change.html#subsec_rel_spec_114_change_3versus2
subsec_rel_spec_114_change_4versus3	https://support.hdfgroup.org/documentation/hdf5/latest/rel_spec_114_change.html#subsec_rel_spec_114_change_4versus3
subsec_rel_spec_114_change_5versus4	https://support.hdfgroup.org/documentation/hdf5/latest/rel_spec_114_change.html#subsec_rel_spec_114_change_5versus4
subsec_rel_spec_114_change_6versus5	https://support.hdfgroup.org/documentation/hdf5/latest/rel_spec_114_change.html#subsec_rel_spec_114_change_6versus5
subsec_rel_spec_114_change_compat	https://support.hdfgroup.org/documentation/hdf5/latest/rel_spec_114_change.html#subsec_rel_spec_114_change_compat
subsec_rel_spec_114_migrate_api	https://support.hdfgroup.org/documentation/hdf5/latest/rel_spec_114.html#subsec_rel_spec_114_migrate_api
subsec_rel_spec_114_migrate_api_h5ireg	https://support.hdfgroup.org/documentation/hdf5/latest/rel_spec_114.html#subsec_rel_spec_114_migrate_api_h5ireg
subsec_rel_spec_114_migrate_vfl	https://support.hdfgroup.org/documentation/hdf5/latest/rel_spec_114.html#subsec_rel_spec_114_migrate_vfl
subsec_rel_spec_114_migrate_vol	https://support.hdfgroup.org/documentation/hdf5/latest/rel_spec_114.html#subsec_rel_spec_114_migrate_vol
subsec_rel_spec_18_change_0	https://support.hdfgroup.org/documentation/hdf5/latest/rel_spec_18.html#subsec_rel_spec_18_change_0
subsec_rel_spec_18_change_1	https://support.hdfgroup.org/documentation/hdf5/latest/rel_spec_18.html#subsec_rel_spec_18_change_1
subsec_rel_spec_18_change_10	https://support.hdfgroup.org/documentation/hdf5/latest/rel_spec_18.html#subsec_rel_spec_18_change_10
subsec_rel_spec_18_change_11	https://support.hdfgroup.org/documentation/hdf5/latest/rel_spec_18.html#subsec_rel_spec_18_change_11
subsec_rel_spec_18_change_12	https://support.hdfgroup.org/documentation/hdf5/latest/rel_spec_18.html#subsec_rel_spec_18_change_12
subsec_rel_spec_18_change_13	https://support.hdfgroup.org/documentation/hdf5/latest/rel_spec_18.html#subsec_rel_spec_18_change_13
subsec_rel_spec_18_change_14	https://support.hdfgroup.org/documentation/hdf5/latest/rel_spec_18.html#subsec_rel_spec_18_change_14
subsec_rel_spec_18_change_15	https://support.hdfgroup.org/documentation/hdf5/latest/rel_spec_18.html#subsec_rel_spec_18_change_15
subsec_rel_spec_18_change_16	https://support.hdfgroup.org/documentation/hdf5/latest/rel_spec_18.html#subsec_rel_spec_18_change_16
subsec_rel_spec_18_change_17	https://support.hdfgroup.org/documentation/hdf5/latest/rel_spec_18.html#subsec_rel_spec_18_change_17
subsec_rel_spec_18_change_18	https://support.hdfgroup.org/documentation/hdf5/latest/rel_spec_18.html#subsec_rel_spec_18_change_18
subsec_rel_spec_18_change_19	https://support.hdfgroup.org/documentation/hdf5/latest/rel_spec_18.html#subsec_rel_spec_18_change_19
subsec_rel_spec_18_change_2	https://support.hdfgroup.org/documentation/hdf5/latest/rel_spec_18.html#subsec_rel_spec_18_change_2
subsec_rel_spec_18_change_20	https://support.hdfgroup.org/documentation/hdf5/latest/rel_spec_18.html#subsec_rel_spec_18_change_20
subsec_rel_spec_18_change_21	https://support.hdfgroup.org/documentation/hdf5/latest/rel_spec_18.html#subsec_rel_spec_18_change_21
subsec_rel_spec_18_change_22	https://support.hdfgroup.org/documentation/hdf5/latest/rel_spec_18.html#subsec_rel_spec_18_change_22
subsec_rel_spec_18_change_23	https://support.hdfgroup.org/documentation/hdf5/latest/rel_spec_18.html#subsec_rel_spec_18_change_23
subsec_rel_spec_18_change_3	https://support.hdfgroup.org/documentation/hdf5/latest/rel_spec_18.html#subsec_rel_spec_18_change_3
subsec_rel_spec_18_change_4	https://support.hdfgroup.org/documentation/hdf5/latest/rel_spec_18.html#subsec_rel_spec_18_change_4
subsec_rel_spec_18_change_5	https://support.hdfgroup.org/documentation/hdf5/latest/rel_spec_18.html#subsec_rel_spec_18_change_5
subsec_rel_spec_18_change_6	https://support.hdfgroup.org/documentation/hdf5/latest/rel_spec_18.html#subsec_rel_spec_18_change_6
subsec_rel_spec_18_change_7	https://support.hdfgroup.org/documentation/hdf5/latest/rel_spec_18.html#subsec_rel_spec_18_change_7
subsec_rel_spec_18_change_8	https://support.hdfgroup.org/documentation/hdf5/latest/rel_spec_18.html#subsec_rel_spec_18_change_8
subsec_rel_spec_18_change_9	https://support.hdfgroup.org/documentation/hdf5/latest/rel_spec_18.html#subsec_rel_spec_18_change_9
subsec_rel_spec_2x_bw_releases	https://support.hdfgroup.org/documentation/hdf5/latest/rel_spec_2x_change.html#subsec_rel_spec_2x_bw_releases
subsec_rel_spec_2x_change_compat	https://support.hdfgroup.org/documentation/hdf5/latest/rel_spec_2x_change.html#subsec_rel_spec_2x_change_compat
subsec_relver_def_first	https://support.hdfgroup.org/documentation/hdf5/latest/_r_e_l_v_e_r_s_i_o_n.html#subsec_relver_def_first
subsec_relver_def_second	https://support.hdfgroup.org/documentation/hdf5/latest/_r_e_l_v_e_r_s_i_o_n.html#subsec_relver_def_second
subsec_relver_def_third	https://support.hdfgroup.org/documentation/hdf5/latest/_r_e_l_v_e_r_s_i_o_n.html#subsec_relver_def_third
subsec_relver_use_app	https://support.hdfgroup.org/documentation/hdf5/latest/_r_e_l_v_e_r_s_i_o_n.html#subsec_relver_use_app
subsec_relver_use_cond	https://support.hdfgroup.org/documentation/hdf5/latest/_r_e_l_v_e_r_s_i_o_n.html#subsec_relver_use_cond
subsec_relver_use_spec	https://support.hdfgroup.org/documentation/hdf5/latest/_r_e_l_v_e_r_s_i_o_n.html#subsec_relver_use_spec
subsec_swmr_doc	https://support.hdfgroup.org/documentation/hdf5/latest/_s_w_m_r_t_n.html#subsec_swmr_doc
subsec_swmr_example	https://support.hdfgroup.org/documentation/hdf5/latest/_s_w_m_r_t_n.html#subsec_swmr_example
subsec_swmr_model	https://support.hdfgroup.org/documentation/hdf5/latest/_s_w_m_r_t_n.html#subsec_swmr_model
subsec_swmr_scope	https://support.hdfgroup.org/documentation/hdf5/latest/_s_w_m_r_t_n.html#subsec_swmr_scope
subsec_swmr_tools	https://support.hdfgroup.org/documentation/hdf5/latest/_s_w_m_r_t_n.html#subsec_swmr_tools
subsec_tab_spec_sect2_21	https://support.hdfgroup.org/documentation/hdf5/latest/_i_m_g.html#subsec_tab_spec_sect2_21
subsec_tab_spec_sect2_22	https://support.hdfgroup.org/documentation/hdf5/latest/_i_m_g.html#subsec_tab_spec_sect2_22
subsec_tab_spec_sect2_23	https://support.hdfgroup.org/documentation/hdf5/latest/_i_m_g.html#subsec_tab_spec_sect2_23
subsec_tsafe_app_A	https://support.hdfgroup.org/documentation/hdf5/latest/thread-safe-lib.html#subsec_tsafe_app_A
subsec_tsafe_app_B	https://support.hdfgroup.org/documentation/hdf5/latest/thread-safe-lib.html#subsec_tsafe_app_B
subsec_tsafe_app_C	https://support.hdfgroup.org/documentation/hdf5/latest/thread-safe-lib.html#subsec_tsafe_app_C
subsec_tsafe_app_D	https://support.hdfgroup.org/documentation/hdf5/latest/thread-safe-lib.html#subsec_tsafe_app_D
subsec_tsafe_app_E	https://support.hdfgroup.org/documentation/hdf5/latest/thread-safe-lib.html#subsec_tsafe_app_E
subsec_tsafe_global_cancel	https://support.hdfgroup.org/documentation/hdf5/latest/thread-safe-lib.html#subsec_tsafe_global_cancel
subsec_tsafe_global_init	https://support.hdfgroup.org/documentation/hdf5/latest/thread-safe-lib.html#subsec_tsafe_global_init
subsec_tsafe_global_key	https://support.hdfgroup.org/documentation/hdf5/latest/thread-safe-lib.html#subsec_tsafe_global_key
subsec_tsafe_global_serial	https://support.hdfgroup.org/documentation/hdf5/latest/thread-safe-lib.html#subsec_tsafe_global_serial
subsec_tsafe_global_var	https://support.hdfgroup.org/documentation/hdf5/latest/thread-safe-lib.html#subsec_tsafe_global_var
subsec_tsafe_impl_cancel	https://support.hdfgroup.org/documentation/hdf5/latest/thread-safe-lib.html#subsec_tsafe_impl_cancel
subsec_tsafe_impl_err	https://support.hdfgroup.org/documentation/hdf5/latest/thread-safe-lib.html#subsec_tsafe_impl_err
subsec_tsafe_impl_first	https://support.hdfgroup.org/documentation/hdf5/latest/thread-safe-lib.html#subsec_tsafe_impl_first
subsec_tsafe_impl_locks	https://support.hdfgroup.org/documentation/hdf5/latest/thread-safe-lib.html#subsec_tsafe_impl_locks
subsec_tsafe_macro_fe	https://support.hdfgroup.org/documentation/hdf5/latest/thread-safe-lib.html#subsec_tsafe_macro_fe
subsec_tsafe_macro_ret	https://support.hdfgroup.org/documentation/hdf5/latest/thread-safe-lib.html#subsec_tsafe_macro_ret
subsec_tsafe_test_attr	https://support.hdfgroup.org/documentation/hdf5/latest/thread-safe-lib.html#subsec_tsafe_test_attr
subsec_tsafe_test_cancel	https://support.hdfgroup.org/documentation/hdf5/latest/thread-safe-lib.html#subsec_tsafe_test_cancel
subsec_tsafe_test_create	https://support.hdfgroup.org/documentation/hdf5/latest/thread-safe-lib.html#subsec_tsafe_test_create
subsec_tsafe_test_err	https://support.hdfgroup.org/documentation/hdf5/latest/thread-safe-lib.html#subsec_tsafe_test_err
subsec_unicode_support_char	https://support.hdfgroup.org/documentation/hdf5/latest/_u_n_i_c_o_d_e.html#subsec_unicode_support_char
subsec_unicode_support_names	https://support.hdfgroup.org/documentation/hdf5/latest/_u_n_i_c_o_d_e.html#subsec_unicode_support_names
subsec_unicode_warn_names	https://support.hdfgroup.org/documentation/hdf5/latest/_u_n_i_c_o_d_e.html#subsec_unicode_warn_names
subsec_unicode_warn_port	https://support.hdfgroup.org/documentation/hdf5/latest/_u_n_i_c_o_d_e.html#subsec_unicode_warn_port
subsec_unicode_warn_store	https://support.hdfgroup.org/documentation/hdf5/latest/_u_n_i_c_o_d_e.html#subsec_unicode_warn_store
subsec_unicode_warn_sys	https://support.hdfgroup.org/documentation/hdf5/latest/_u_n_i_c_o_d_e.html#subsec_unicode_warn_sys
subsec_using_identifiers_func	https://support.hdfgroup.org/documentation/hdf5/latest/_using_identifiers.html#subsec_using_identifiers_func
subsec_vds_intro_examples	https://support.hdfgroup.org/documentation/hdf5/latest/_v_d_s_t_n.html#subsec_vds_intro_examples
subsec_vds_intro_model	https://support.hdfgroup.org/documentation/hdf5/latest/_v_d_s_t_n.html#subsec_vds_intro_model
subsec_vfd_custom	https://support.hdfgroup.org/documentation/hdf5/latest/_h5_f_d__u_g.html#subsec_vfd_custom
subsec_vfd_drivers	https://support.hdfgroup.org/documentation/hdf5/latest/_h5_f_d__u_g.html#subsec_vfd_drivers
subsec_vfd_intro	https://support.hdfgroup.org/documentation/hdf5/latest/_h5_f_d__u_g.html#subsec_vfd_intro
subsec_vfd_parallel	https://support.hdfgroup.org/documentation/hdf5/latest/_h5_f_d__u_g.html#subsec_vfd_parallel
subsec_vfd_performance	https://support.hdfgroup.org/documentation/hdf5/latest/_h5_f_d__u_g.html#subsec_vfd_performance
subsec_vfd_purpose	https://support.hdfgroup.org/documentation/hdf5/latest/_h5_f_d__u_g.html#subsec_vfd_purpose
subsec_vfd_query	https://support.hdfgroup.org/documentation/hdf5/latest/_h5_f_d__u_g.html#subsec_vfd_query
subsec_vfd_selection	https://support.hdfgroup.org/documentation/hdf5/latest/_h5_f_d__u_g.html#subsec_vfd_selection
subsec_vfd_summary	https://support.hdfgroup.org/documentation/hdf5/latest/_h5_f_d__u_g.html#subsec_vfd_summary
subsec_vfl_address_alloc	https://support.hdfgroup.org/documentation/hdf5/latest/_v_f_l_t_n.html#subsec_vfl_address_alloc
subsec_vfl_address_blk	https://support.hdfgroup.org/documentation/hdf5/latest/_v_f_l_t_n.html#subsec_vfl_address_blk
subsec_vfl_address_free	https://support.hdfgroup.org/documentation/hdf5/latest/_v_f_l_t_n.html#subsec_vfl_address_free
subsec_vfl_address_query	https://support.hdfgroup.org/documentation/hdf5/latest/_v_f_l_t_n.html#subsec_vfl_address_query
subsec_vfl_data_cont	https://support.hdfgroup.org/documentation/hdf5/latest/_v_f_l_t_n.html#subsec_vfl_data_cont
subsec_vfl_data_flush	https://support.hdfgroup.org/documentation/hdf5/latest/_v_f_l_t_n.html#subsec_vfl_data_flush
subsec_vfl_imp_close	https://support.hdfgroup.org/documentation/hdf5/latest/_v_f_l_t_n.html#subsec_vfl_imp_close
subsec_vfl_imp_file	https://support.hdfgroup.org/documentation/hdf5/latest/_v_f_l_t_n.html#subsec_vfl_imp_file
subsec_vfl_imp_key	https://support.hdfgroup.org/documentation/hdf5/latest/_v_f_l_t_n.html#subsec_vfl_imp_key
subsec_vfl_imp_mode	https://support.hdfgroup.org/documentation/hdf5/latest/_v_f_l_t_n.html#subsec_vfl_imp_mode
subsec_vfl_imp_open	https://support.hdfgroup.org/documentation/hdf5/latest/_v_f_l_t_n.html#subsec_vfl_imp_open
subsec_vfl_imp_save	https://support.hdfgroup.org/documentation/hdf5/latest/_v_f_l_t_n.html#subsec_vfl_imp_save
subsec_vfl_reg_prog	https://support.hdfgroup.org/documentation/hdf5/latest/_v_f_l_t_n.html#subsec_vfl_reg_prog
subsec_vfl_use_create	https://support.hdfgroup.org/documentation/hdf5/latest/_v_f_l_t_n.html#subsec_vfl_use_create
subsec_vfl_use_hdr	https://support.hdfgroup.org/documentation/hdf5/latest/_v_f_l_t_n.html#subsec_vfl_use_hdr
subsec_vfl_use_inter	https://support.hdfgroup.org/documentation/hdf5/latest/_v_f_l_t_n.html#subsec_vfl_use_inter
subsec_vfl_use_per	https://support.hdfgroup.org/documentation/hdf5/latest/_v_f_l_t_n.html#subsec_vfl_use_per
subsec_vol_abstract_layer	https://support.hdfgroup.org/documentation/hdf5/latest/_h5_v_l__u_g.html#subsec_vol_abstract_layer
subsec_vol_adapt	https://support.hdfgroup.org/documentation/hdf5/latest/_h5_v_l__u_g.html#subsec_vol_adapt
subsec_vol_cl	https://support.hdfgroup.org/documentation/hdf5/latest/_h5_v_l__u_g.html#subsec_vol_cl
subsec_vol_compat	https://support.hdfgroup.org/documentation/hdf5/latest/_h5_v_l__u_g.html#subsec_vol_compat
subsec_vol_connect	https://support.hdfgroup.org/documentation/hdf5/latest/_h5_v_l__u_g.html#subsec_vol_connect
subsec_vol_intro	https://support.hdfgroup.org/documentation/hdf5/latest/_h5_v_l__u_g.html#subsec_vol_intro
subsec_vol_lang	https://support.hdfgroup.org/documentation/hdf5/latest/_h5_v_l__u_g.html#subsec_vol_lang
subsec_vol_quickstart	https://support.hdfgroup.org/documentation/hdf5/latest/_h5_v_l__u_g.html#subsec_vol_quickstart
subsec_vol_use	https://support.hdfgroup.org/documentation/hdf5/latest/_h5_v_l__u_g.html#subsec_vol_use
subsubsecLBDsetSubRWProgExperOne	https://support.hdfgroup.org/documentation/hdf5/latest/_l_b_dset_sub_r_w.html#subsubsecLBDsetSubRWProgExperOne
subsubsecLBDsetSubRWProgExperThree	https://support.hdfgroup.org/documentation/hdf5/latest/_l_b_dset_sub_r_w.html#subsubsecLBDsetSubRWProgExperThree
subsubsecLBDsetSubRWProgExperTwo	https://support.hdfgroup.org/documentation/hdf5/latest/_l_b_dset_sub_r_w.html#subsubsecLBDsetSubRWProgExperTwo
subsubsecLBDtypeSpecArrAPI	https://support.hdfgroup.org/documentation/hdf5/latest/_l_b_datatypes.html#subsubsecLBDtypeSpecArrAPI
subsubsecLBDtypeSpecCmpdDef	https://support.hdfgroup.org/documentation/hdf5/latest/_l_b_datatypes.html#subsubsecLBDtypeSpecCmpdDef
subsubsecLBDtypeSpecCmpdProp	https://support.hdfgroup.org/documentation/hdf5/latest/_l_b_datatypes.html#subsubsecLBDtypeSpecCmpdProp
subsubsecLBDtypeSpecRefDset	https://support.hdfgroup.org/documentation/hdf5/latest/_l_b_datatypes.html#subsubsecLBDtypeSpecRefDset
subsubsecLBDtypeSpecRefObj	https://support.hdfgroup.org/documentation/hdf5/latest/_l_b_datatypes.html#subsubsecLBDtypeSpecRefObj
subsubsecLBDtypeSpecRefStd	https://support.hdfgroup.org/documentation/hdf5/latest/_l_b_datatypes.html#subsubsecLBDtypeSpecRefStd
subsubsecLBDtypeSpecVLAPIs	https://support.hdfgroup.org/documentation/hdf5/latest/_l_b_datatypes.html#subsubsecLBDtypeSpecVLAPIs
subsubsecLBDtypeSpecVLDiv	https://support.hdfgroup.org/documentation/hdf5/latest/_l_b_datatypes.html#subsubsecLBDtypeSpecVLDiv
subsubsecLBDtypeSpecVLErr	https://support.hdfgroup.org/documentation/hdf5/latest/_l_b_datatypes.html#subsubsecLBDtypeSpecVLErr
subsubsecLBDtypeSpecVLMem	https://support.hdfgroup.org/documentation/hdf5/latest/_l_b_datatypes.html#subsubsecLBDtypeSpecVLMem
subsubsecLBDtypeSpecVLStr	https://support.hdfgroup.org/documentation/hdf5/latest/_l_b_datatypes.html#subsubsecLBDtypeSpecVLStr
subsubsecVOLNewConnget	https://support.hdfgroup.org/documentation/hdf5/latest/_v_o_l__connector.html#subsubsecVOLNewConnget
subsubsecVOLNewConnobj	https://support.hdfgroup.org/documentation/hdf5/latest/_v_o_l__connector.html#subsubsecVOLNewConnobj
subsubsecVOLNewConnreg	https://support.hdfgroup.org/documentation/hdf5/latest/_v_o_l__connector.html#subsubsecVOLNewConnreg
subsubsecVOLNewPasscmp	https://support.hdfgroup.org/documentation/hdf5/latest/_v_o_l__connector.html#subsubsecVOLNewPasscmp
subsubsecVOLNewPassfinish	https://support.hdfgroup.org/documentation/hdf5/latest/_v_o_l__connector.html#subsubsecVOLNewPassfinish
subsubsecVOLNewPassfree	https://support.hdfgroup.org/documentation/hdf5/latest/_v_o_l__connector.html#subsubsecVOLNewPassfree
subsubsecVOLNewPassrestore	https://support.hdfgroup.org/documentation/hdf5/latest/_v_o_l__connector.html#subsubsecVOLNewPassrestore
subsubsecVOLNewPassretrieve	https://support.hdfgroup.org/documentation/hdf5/latest/_v_o_l__connector.html#subsubsecVOLNewPassretrieve
subsubsecVOLNewPassstar	https://support.hdfgroup.org/documentation/hdf5/latest/_v_o_l__connector.html#subsubsecVOLNewPassstar
subsubsecVOLNewPasswrap	https://support.hdfgroup.org/documentation/hdf5/latest/_v_o_l__connector.html#subsubsecVOLNewPasswrap
subsubsecVOLNewPubclose	https://support.hdfgroup.org/documentation/hdf5/latest/_v_o_l__connector.html#subsubsecVOLNewPubclose
subsubsecVOLNewPubget_by_name	https://support.hdfgroup.org/documentation/hdf5/latest/_v_o_l__connector.html#subsubsecVOLNewPubget_by_name
subsubsecVOLNewPubget_by_value	https://support.hdfgroup.org/documentation/hdf5/latest/_v_o_l__connector.html#subsubsecVOLNewPubget_by_value
subsubsecVOLNewPubget_id	https://support.hdfgroup.org/documentation/hdf5/latest/_v_o_l__connector.html#subsubsecVOLNewPubget_id
subsubsecVOLNewPubget_name	https://support.hdfgroup.org/documentation/hdf5/latest/_v_o_l__connector.html#subsubsecVOLNewPubget_name
subsubsecVOLNewPubis_name	https://support.hdfgroup.org/documentation/hdf5/latest/_v_o_l__connector.html#subsubsecVOLNewPubis_name
subsubsecVOLNewPubis_value	https://support.hdfgroup.org/documentation/hdf5/latest/_v_o_l__connector.html#subsubsecVOLNewPubis_value
subsubsecVOLNewPubquery	https://support.hdfgroup.org/documentation/hdf5/latest/_v_o_l__connector.html#subsubsecVOLNewPubquery
subsubsecVOLNewPubregname	https://support.hdfgroup.org/documentation/hdf5/latest/_v_o_l__connector.html#subsubsecVOLNewPubregname
subsubsecVOLNewPubregval	https://support.hdfgroup.org/documentation/hdf5/latest/_v_o_l__connector.html#subsubsecVOLNewPubregval
subsubsecVOLNewPubunreg	https://support.hdfgroup.org/documentation/hdf5/latest/_v_o_l__connector.html#subsubsecVOLNewPubunreg
subsubsecVOLRefAttrclose	https://support.hdfgroup.org/documentation/hdf5/latest/_v_o_l__connector.html#subsubsecVOLRefAttrclose
subsubsecVOLRefAttrcreate	https://support.hdfgroup.org/documentation/hdf5/latest/_v_o_l__connector.html#subsubsecVOLRefAttrcreate
subsubsecVOLRefAttrget	https://support.hdfgroup.org/documentation/hdf5/latest/_v_o_l__connector.html#subsubsecVOLRefAttrget
subsubsecVOLRefAttropen	https://support.hdfgroup.org/documentation/hdf5/latest/_v_o_l__connector.html#subsubsecVOLRefAttropen
subsubsecVOLRefAttropt	https://support.hdfgroup.org/documentation/hdf5/latest/_v_o_l__connector.html#subsubsecVOLRefAttropt
subsubsecVOLRefAttrread	https://support.hdfgroup.org/documentation/hdf5/latest/_v_o_l__connector.html#subsubsecVOLRefAttrread
subsubsecVOLRefAttrspec	https://support.hdfgroup.org/documentation/hdf5/latest/_v_o_l__connector.html#subsubsecVOLRefAttrspec
subsubsecVOLRefAttrwrite	https://support.hdfgroup.org/documentation/hdf5/latest/_v_o_l__connector.html#subsubsecVOLRefAttrwrite
subsubsecVOLRefBlobget	https://support.hdfgroup.org/documentation/hdf5/latest/_v_o_l__connector.html#subsubsecVOLRefBlobget
subsubsecVOLRefBlobopt	https://support.hdfgroup.org/documentation/hdf5/latest/_v_o_l__connector.html#subsubsecVOLRefBlobopt
subsubsecVOLRefBlobput	https://support.hdfgroup.org/documentation/hdf5/latest/_v_o_l__connector.html#subsubsecVOLRefBlobput
subsubsecVOLRefBlobspec	https://support.hdfgroup.org/documentation/hdf5/latest/_v_o_l__connector.html#subsubsecVOLRefBlobspec
subsubsecVOLRefConncmp	https://support.hdfgroup.org/documentation/hdf5/latest/_v_o_l__connector.html#subsubsecVOLRefConncmp
subsubsecVOLRefConncopy	https://support.hdfgroup.org/documentation/hdf5/latest/_v_o_l__connector.html#subsubsecVOLRefConncopy
subsubsecVOLRefConnfree	https://support.hdfgroup.org/documentation/hdf5/latest/_v_o_l__connector.html#subsubsecVOLRefConnfree
subsubsecVOLRefConnfrom	https://support.hdfgroup.org/documentation/hdf5/latest/_v_o_l__connector.html#subsubsecVOLRefConnfrom
subsubsecVOLRefConnsize	https://support.hdfgroup.org/documentation/hdf5/latest/_v_o_l__connector.html#subsubsecVOLRefConnsize
subsubsecVOLRefConnto	https://support.hdfgroup.org/documentation/hdf5/latest/_v_o_l__connector.html#subsubsecVOLRefConnto
subsubsecVOLRefDTypeclose	https://support.hdfgroup.org/documentation/hdf5/latest/_v_o_l__connector.html#subsubsecVOLRefDTypeclose
subsubsecVOLRefDTypecommit	https://support.hdfgroup.org/documentation/hdf5/latest/_v_o_l__connector.html#subsubsecVOLRefDTypecommit
subsubsecVOLRefDTypeget	https://support.hdfgroup.org/documentation/hdf5/latest/_v_o_l__connector.html#subsubsecVOLRefDTypeget
subsubsecVOLRefDTypeopen	https://support.hdfgroup.org/documentation/hdf5/latest/_v_o_l__connector.html#subsubsecVOLRefDTypeopen
subsubsecVOLRefDTypeopt	https://support.hdfgroup.org/documentation/hdf5/latest/_v_o_l__connector.html#subsubsecVOLRefDTypeopt
subsubsecVOLRefDTypespec	https://support.hdfgroup.org/documentation/hdf5/latest/_v_o_l__connector.html#subsubsecVOLRefDTypespec
subsubsecVOLRefDsetclose	https://support.hdfgroup.org/documentation/hdf5/latest/_v_o_l__connector.html#subsubsecVOLRefDsetclose
subsubsecVOLRefDsetcreate	https://support.hdfgroup.org/documentation/hdf5/latest/_v_o_l__connector.html#subsubsecVOLRefDsetcreate
subsubsecVOLRefDsetget	https://support.hdfgroup.org/documentation/hdf5/latest/_v_o_l__connector.html#subsubsecVOLRefDsetget
subsubsecVOLRefDsetopen	https://support.hdfgroup.org/documentation/hdf5/latest/_v_o_l__connector.html#subsubsecVOLRefDsetopen
subsubsecVOLRefDsetopt	https://support.hdfgroup.org/documentation/hdf5/latest/_v_o_l__connector.html#subsubsecVOLRefDsetopt
subsubsecVOLRefDsetread	https://support.hdfgroup.org/documentation/hdf5/latest/_v_o_l__connector.html#subsubsecVOLRefDsetread
subsubsecVOLRefDsetspec	https://support.hdfgroup.org/documentation/hdf5/latest/_v_o_l__connector.html#subsubsecVOLRefDsetspec
subsubsecVOLRefDsetwrite	https://support.hdfgroup.org/documentation/hdf5/latest/_v_o_l__connector.html#subsubsecVOLRefDsetwrite
subsubsecVOLRefFileclose	https://support.hdfgroup.org/documentation/hdf5/latest/_v_o_l__connector.html#subsubsecVOLRefFileclose
subsubsecVOLRefFilecreate	https://support.hdfgroup.org/documentation/hdf5/latest/_v_o_l__connector.html#subsubsecVOLRefFilecreate
subsubsecVOLRefFileget	https://support.hdfgroup.org/documentation/hdf5/latest/_v_o_l__connector.html#subsubsecVOLRefFileget
subsubsecVOLRefFileopen	https://support.hdfgroup.org/documentation/hdf5/latest/_v_o_l__connector.html#subsubsecVOLRefFileopen
subsubsecVOLRefFileopt	https://support.hdfgroup.org/documentation/hdf5/latest/_v_o_l__connector.html#subsubsecVOLRefFileopt
subsubsecVOLRefFilespec	https://support.hdfgroup.org/documentation/hdf5/latest/_v_o_l__connector.html#subsubsecVOLRefFilespec
subsubsecVOLRefGrpclose	https://support.hdfgroup.org/documentation/hdf5/latest/_v_o_l__connector.html#subsubsecVOLRefGrpclose
subsubsecVOLRefGrpcreate	https://support.hdfgroup.org/documentation/hdf5/latest/_v_o_l__connector.html#subsubsecVOLRefGrpcreate
subsubsecVOLRefGrpget	https://support.hdfgroup.org/documentation/hdf5/latest/_v_o_l__connector.html#subsubsecVOLRefGrpget
subsubsecVOLRefGrpopen	https://support.hdfgroup.org/documentation/hdf5/latest/_v_o_l__connector.html#subsubsecVOLRefGrpopen
subsubsecVOLRefGrpopt	https://support.hdfgroup.org/documentation/hdf5/latest/_v_o_l__connector.html#subsubsecVOLRefGrpopt
subsubsecVOLRefGrpspec	https://support.hdfgroup.org/documentation/hdf5/latest/_v_o_l__connector.html#subsubsecVOLRefGrpspec
subsubsecVOLRefIntrospecflags	https://support.hdfgroup.org/documentation/hdf5/latest/_v_o_l__connector.html#subsubsecVOLRefIntrospecflags
subsubsecVOLRefIntrospecquery	https://support.hdfgroup.org/documentation/hdf5/latest/_v_o_l__connector.html#subsubsecVOLRefIntrospecquery
subsubsecVOLRefIntrospectcls	https://support.hdfgroup.org/documentation/hdf5/latest/_v_o_l__connector.html#subsubsecVOLRefIntrospectcls
subsubsecVOLRefLinkcopy	https://support.hdfgroup.org/documentation/hdf5/latest/_v_o_l__connector.html#subsubsecVOLRefLinkcopy
subsubsecVOLRefLinkcreate	https://support.hdfgroup.org/documentation/hdf5/latest/_v_o_l__connector.html#subsubsecVOLRefLinkcreate
subsubsecVOLRefLinkget	https://support.hdfgroup.org/documentation/hdf5/latest/_v_o_l__connector.html#subsubsecVOLRefLinkget
subsubsecVOLRefLinkmove	https://support.hdfgroup.org/documentation/hdf5/latest/_v_o_l__connector.html#subsubsecVOLRefLinkmove
subsubsecVOLRefLinkopt	https://support.hdfgroup.org/documentation/hdf5/latest/_v_o_l__connector.html#subsubsecVOLRefLinkopt
subsubsecVOLRefLinkspec	https://support.hdfgroup.org/documentation/hdf5/latest/_v_o_l__connector.html#subsubsecVOLRefLinkspec
subsubsecVOLRefObjcopy	https://support.hdfgroup.org/documentation/hdf5/latest/_v_o_l__connector.html#subsubsecVOLRefObjcopy
subsubsecVOLRefObjget	https://support.hdfgroup.org/documentation/hdf5/latest/_v_o_l__connector.html#subsubsecVOLRefObjget
subsubsecVOLRefObjopen	https://support.hdfgroup.org/documentation/hdf5/latest/_v_o_l__connector.html#subsubsecVOLRefObjopen
subsubsecVOLRefObjopt	https://support.hdfgroup.org/documentation/hdf5/latest/_v_o_l__connector.html#subsubsecVOLRefObjopt
subsubsecVOLRefObjspec	https://support.hdfgroup.org/documentation/hdf5/latest/_v_o_l__connector.html#subsubsecVOLRefObjspec
subsubsecVOLRefReqcancel	https://support.hdfgroup.org/documentation/hdf5/latest/_v_o_l__connector.html#subsubsecVOLRefReqcancel
subsubsecVOLRefReqfree	https://support.hdfgroup.org/documentation/hdf5/latest/_v_o_l__connector.html#subsubsecVOLRefReqfree
subsubsecVOLRefReqnotify	https://support.hdfgroup.org/documentation/hdf5/latest/_v_o_l__connector.html#subsubsecVOLRefReqnotify
subsubsecVOLRefReqopt	https://support.hdfgroup.org/documentation/hdf5/latest/_v_o_l__connector.html#subsubsecVOLRefReqopt
subsubsecVOLRefReqspec	https://support.hdfgroup.org/documentation/hdf5/latest/_v_o_l__connector.html#subsubsecVOLRefReqspec
subsubsecVOLRefReqwait	https://support.hdfgroup.org/documentation/hdf5/latest/_v_o_l__connector.html#subsubsecVOLRefReqwait
subsubsecVOLRefTokencmp	https://support.hdfgroup.org/documentation/hdf5/latest/_v_o_l__connector.html#subsubsecVOLRefTokencmp
subsubsecVOLRefTokenfrom	https://support.hdfgroup.org/documentation/hdf5/latest/_v_o_l__connector.html#subsubsecVOLRefTokenfrom
subsubsecVOLRefTokento	https://support.hdfgroup.org/documentation/hdf5/latest/_v_o_l__connector.html#subsubsecVOLRefTokento
subsubsecVOLRefWrapctx	https://support.hdfgroup.org/documentation/hdf5/latest/_v_o_l__connector.html#subsubsecVOLRefWrapctx
subsubsecVOLRefWrapfree	https://support.hdfgroup.org/documentation/hdf5/latest/_v_o_l__connector.html#subsubsecVOLRefWrapfree
subsubsecVOLRefWrapobj	https://support.hdfgroup.org/documentation/hdf5/latest/_v_o_l__connector.html#subsubsecVOLRefWrapobj
subsubsecVOLRefWrapunwrap	https://support.hdfgroup.org/documentation/hdf5/latest/_v_o_l__connector.html#subsubsecVOLRefWrapunwrap
subsubsecVOLRefWrapwrap	https://support.hdfgroup.org/documentation/hdf5/latest/_v_o_l__connector.html#subsubsecVOLRefWrapwrap
subsubsecViewToolsJPSSExam_h5dumpProps	https://support.hdfgroup.org/documentation/hdf5/latest/_view_tools_j_p_s_s.html#subsubsecViewToolsJPSSExam_h5dumpProps
subsubsecViewToolsJPSSExam_h5dumpQuality	https://support.hdfgroup.org/documentation/hdf5/latest/_view_tools_j_p_s_s.html#subsubsecViewToolsJPSSExam_h5dumpQuality
subsubsecViewToolsJPSSExam_h5dumpRegRef	https://support.hdfgroup.org/documentation/hdf5/latest/_view_tools_j_p_s_s.html#subsubsecViewToolsJPSSExam_h5dumpRegRef
subsubsecViewToolsViewAttr_h5dumpEx6	https://support.hdfgroup.org/documentation/hdf5/latest/_view_tools_view.html#subsubsecViewToolsViewAttr_h5dumpEx6
subsubsecViewToolsViewContent_h5dumpEx1	https://support.hdfgroup.org/documentation/hdf5/latest/_view_tools_view.html#subsubsecViewToolsViewContent_h5dumpEx1
subsubsecViewToolsViewContent_h5dumpEx2	https://support.hdfgroup.org/documentation/hdf5/latest/_view_tools_view.html#subsubsecViewToolsViewContent_h5dumpEx2
subsubsecViewToolsViewContent_h5lsEx3	https://support.hdfgroup.org/documentation/hdf5/latest/_view_tools_view.html#subsubsecViewToolsViewContent_h5lsEx3
subsubsecViewToolsViewDset_h5dumpEx4	https://support.hdfgroup.org/documentation/hdf5/latest/_view_tools_view.html#subsubsecViewToolsViewDset_h5dumpEx4
subsubsecViewToolsViewDset_h5dumpEx5	https://support.hdfgroup.org/documentation/hdf5/latest/_view_tools_view.html#subsubsecViewToolsViewDset_h5dumpEx5
subsubsecViewToolsViewDtypes_array	https://support.hdfgroup.org/documentation/hdf5/latest/_view_tools_view.html#subsubsecViewToolsViewDtypes_array
subsubsecViewToolsViewDtypes_depr_objref	https://support.hdfgroup.org/documentation/hdf5/latest/_view_tools_view.html#subsubsecViewToolsViewDtypes_depr_objref
subsubsecViewToolsViewDtypes_depr_regref	https://support.hdfgroup.org/documentation/hdf5/latest/_view_tools_view.html#subsubsecViewToolsViewDtypes_depr_regref
subsubsecViewToolsViewDtypes_newref	https://support.hdfgroup.org/documentation/hdf5/latest/_view_tools_view.html#subsubsecViewToolsViewDtypes_newref
subsubsecViewToolsViewDtypes_objref	https://support.hdfgroup.org/documentation/hdf5/latest/_view_tools_view.html#subsubsecViewToolsViewDtypes_objref
subsubsecViewToolsViewDtypes_regref	https://support.hdfgroup.org/documentation/hdf5/latest/_view_tools_view.html#subsubsecViewToolsViewDtypes_regref
subsubsecViewToolsViewDtypes_string	https://support.hdfgroup.org/documentation/hdf5/latest/_view_tools_view.html#subsubsecViewToolsViewDtypes_string
subsubsec_attribute_work_access	https://support.hdfgroup.org/documentation/hdf5/latest/_h5_a__u_g.html#subsubsec_attribute_work_access
subsubsec_attribute_work_close	https://support.hdfgroup.org/documentation/hdf5/latest/_h5_a__u_g.html#subsubsec_attribute_work_close
subsubsec_attribute_work_create	https://support.hdfgroup.org/documentation/hdf5/latest/_h5_a__u_g.html#subsubsec_attribute_work_create
subsubsec_attribute_work_delete	https://support.hdfgroup.org/documentation/hdf5/latest/_h5_a__u_g.html#subsubsec_attribute_work_delete
subsubsec_attribute_work_info	https://support.hdfgroup.org/documentation/hdf5/latest/_h5_a__u_g.html#subsubsec_attribute_work_info
subsubsec_attribute_work_iterate	https://support.hdfgroup.org/documentation/hdf5/latest/_h5_a__u_g.html#subsubsec_attribute_work_iterate
subsubsec_attribute_work_struct	https://support.hdfgroup.org/documentation/hdf5/latest/_h5_a__u_g.html#subsubsec_attribute_work_struct
subsubsec_cltools_h5copy_options_args	https://support.hdfgroup.org/documentation/hdf5/latest/_h5_t_o_o_l__c_p__u_g.html#subsubsec_cltools_h5copy_options_args
subsubsec_cltools_h5diff_examples	https://support.hdfgroup.org/documentation/hdf5/latest/_h5_t_o_o_l__d_f__u_g.html#subsubsec_cltools_h5diff_examples
subsubsec_cltools_h5diff_exit	https://support.hdfgroup.org/documentation/hdf5/latest/_h5_t_o_o_l__d_f__u_g.html#subsubsec_cltools_h5diff_exit
subsubsec_cltools_h5diff_file	https://support.hdfgroup.org/documentation/hdf5/latest/_h5_t_o_o_l__d_f__u_g.html#subsubsec_cltools_h5diff_file
subsubsec_cltools_h5diff_modee	https://support.hdfgroup.org/documentation/hdf5/latest/_h5_t_o_o_l__d_f__u_g.html#subsubsec_cltools_h5diff_modee
subsubsec_cltools_h5diff_object	https://support.hdfgroup.org/documentation/hdf5/latest/_h5_t_o_o_l__d_f__u_g.html#subsubsec_cltools_h5diff_object
subsubsec_cltools_h5diff_subset	https://support.hdfgroup.org/documentation/hdf5/latest/_h5_t_o_o_l__d_f__u_g.html#subsubsec_cltools_h5diff_subset
subsubsec_cltools_h5dump_options_args	https://support.hdfgroup.org/documentation/hdf5/latest/_h5_t_o_o_l__d_p__u_g.html#subsubsec_cltools_h5dump_options_args
subsubsec_cltools_h5dump_xml	https://support.hdfgroup.org/documentation/hdf5/latest/_h5_t_o_o_l__d_p__u_g.html#subsubsec_cltools_h5dump_xml
subsubsec_cltools_h5format_convert_examples	https://support.hdfgroup.org/documentation/hdf5/latest/_h5_t_o_o_l__f_c__u_g.html#subsubsec_cltools_h5format_convert_examples
subsubsec_cltools_h5import_config_opt	https://support.hdfgroup.org/documentation/hdf5/latest/_h5_t_o_o_l__i_m__u_g.html#subsubsec_cltools_h5import_config_opt
subsubsec_cltools_h5import_config_req	https://support.hdfgroup.org/documentation/hdf5/latest/_h5_t_o_o_l__i_m__u_g.html#subsubsec_cltools_h5import_config_req
subsubsec_cltools_h5import_config_val	https://support.hdfgroup.org/documentation/hdf5/latest/_h5_t_o_o_l__i_m__u_g.html#subsubsec_cltools_h5import_config_val
subsubsec_cltools_h5import_options	https://support.hdfgroup.org/documentation/hdf5/latest/_h5_t_o_o_l__i_m__u_g.html#subsubsec_cltools_h5import_options
subsubsec_cltools_h5ls_options_depre	https://support.hdfgroup.org/documentation/hdf5/latest/_h5_t_o_o_l__l_s__u_g.html#subsubsec_cltools_h5ls_options_depre
subsubsec_cltools_h5repack_options_args	https://support.hdfgroup.org/documentation/hdf5/latest/_h5_t_o_o_l__r_p__u_g.html#subsubsec_cltools_h5repack_options_args
subsubsec_cltools_h5repack_options_bound	https://support.hdfgroup.org/documentation/hdf5/latest/_h5_t_o_o_l__r_p__u_g.html#subsubsec_cltools_h5repack_options_bound
subsubsec_cltools_h5repack_options_filt	https://support.hdfgroup.org/documentation/hdf5/latest/_h5_t_o_o_l__r_p__u_g.html#subsubsec_cltools_h5repack_options_filt
subsubsec_cltools_h5repack_options_fs	https://support.hdfgroup.org/documentation/hdf5/latest/_h5_t_o_o_l__r_p__u_g.html#subsubsec_cltools_h5repack_options_fs
subsubsec_cltools_h5repack_options_lay	https://support.hdfgroup.org/documentation/hdf5/latest/_h5_t_o_o_l__r_p__u_g.html#subsubsec_cltools_h5repack_options_lay
subsubsec_cltools_h5repack_options_note	https://support.hdfgroup.org/documentation/hdf5/latest/_h5_t_o_o_l__r_p__u_g.html#subsubsec_cltools_h5repack_options_note
subsubsec_collective_metadata_io_apis_reference_may	https://support.hdfgroup.org/documentation/hdf5/latest/collective_metadata_io.html#subsubsec_collective_metadata_io_apis_reference_may
subsubsec_compts_notapp_need_api	https://support.hdfgroup.org/documentation/hdf5/latest/_comp_t_s.html#subsubsec_compts_notapp_need_api
subsubsec_compts_notapp_need_bin	https://support.hdfgroup.org/documentation/hdf5/latest/_comp_t_s.html#subsubsec_compts_notapp_need_bin
subsubsec_compts_notapp_need_cmake	https://support.hdfgroup.org/documentation/hdf5/latest/_comp_t_s.html#subsubsec_compts_notapp_need_cmake
subsubsec_compts_notapp_need_head	https://support.hdfgroup.org/documentation/hdf5/latest/_comp_t_s.html#subsubsec_compts_notapp_need_head
subsubsec_compts_notapp_need_script	https://support.hdfgroup.org/documentation/hdf5/latest/_comp_t_s.html#subsubsec_compts_notapp_need_script
subsubsec_compts_notapp_need_settins	https://support.hdfgroup.org/documentation/hdf5/latest/_comp_t_s.html#subsubsec_compts_notapp_need_settins
subsubsec_compts_notapp_tools_debug	https://support.hdfgroup.org/documentation/hdf5/latest/_comp_t_s.html#subsubsec_compts_notapp_tools_debug
subsubsec_compts_notapp_tools_dump	https://support.hdfgroup.org/documentation/hdf5/latest/_comp_t_s.html#subsubsec_compts_notapp_tools_dump
subsubsec_data_model_abstract_attr	https://support.hdfgroup.org/documentation/hdf5/latest/_h5_d_m__u_g.html#subsubsec_data_model_abstract_attr
subsubsec_data_model_abstract_dataset	https://support.hdfgroup.org/documentation/hdf5/latest/_h5_d_m__u_g.html#subsubsec_data_model_abstract_dataset
subsubsec_data_model_abstract_file	https://support.hdfgroup.org/documentation/hdf5/latest/_h5_d_m__u_g.html#subsubsec_data_model_abstract_file
subsubsec_data_model_abstract_group	https://support.hdfgroup.org/documentation/hdf5/latest/_h5_d_m__u_g.html#subsubsec_data_model_abstract_group
subsubsec_data_model_abstract_link	https://support.hdfgroup.org/documentation/hdf5/latest/_h5_d_m__u_g.html#subsubsec_data_model_abstract_link
subsubsec_data_model_abstract_plist	https://support.hdfgroup.org/documentation/hdf5/latest/_h5_d_m__u_g.html#subsubsec_data_model_abstract_plist
subsubsec_data_model_abstract_space	https://support.hdfgroup.org/documentation/hdf5/latest/_h5_d_m__u_g.html#subsubsec_data_model_abstract_space
subsubsec_data_model_abstract_type	https://support.hdfgroup.org/documentation/hdf5/latest/_h5_d_m__u_g.html#subsubsec_data_model_abstract_type
subsubsec_data_model_storage_imple	https://support.hdfgroup.org/documentation/hdf5/latest/_h5_d_m__u_g.html#subsubsec_data_model_storage_imple
subsubsec_data_model_storage_spec	https://support.hdfgroup.org/documentation/hdf5/latest/_h5_d_m__u_g.html#subsubsec_data_model_storage_spec
subsubsec_data_model_structure_example	https://support.hdfgroup.org/documentation/hdf5/latest/_h5_d_m__u_g.html#subsubsec_data_model_structure_example
subsubsec_data_model_structure_file	https://support.hdfgroup.org/documentation/hdf5/latest/_h5_d_m__u_g.html#subsubsec_data_model_structure_file
subsubsec_data_model_structure_path	https://support.hdfgroup.org/documentation/hdf5/latest/_h5_d_m__u_g.html#subsubsec_data_model_structure_path
subsubsec_dataset_allocation_delete	https://support.hdfgroup.org/documentation/hdf5/latest/_h5_d__u_g.html#subsubsec_dataset_allocation_delete
subsubsec_dataset_allocation_ext	https://support.hdfgroup.org/documentation/hdf5/latest/_h5_d__u_g.html#subsubsec_dataset_allocation_ext
subsubsec_dataset_allocation_release	https://support.hdfgroup.org/documentation/hdf5/latest/_h5_d__u_g.html#subsubsec_dataset_allocation_release
subsubsec_dataset_allocation_store	https://support.hdfgroup.org/documentation/hdf5/latest/_h5_d__u_g.html#subsubsec_dataset_allocation_store
subsubsec_dataset_filters_dyn	https://support.hdfgroup.org/documentation/hdf5/latest/_h5_d__u_g.html#subsubsec_dataset_filters_dyn
subsubsec_dataset_filters_nbit	https://support.hdfgroup.org/documentation/hdf5/latest/_h5_d__u_g.html#subsubsec_dataset_filters_nbit
subsubsec_dataset_filters_scale	https://support.hdfgroup.org/documentation/hdf5/latest/_h5_d__u_g.html#subsubsec_dataset_filters_scale
subsubsec_dataset_filters_szip	https://support.hdfgroup.org/documentation/hdf5/latest/_h5_d__u_g.html#subsubsec_dataset_filters_szip
subsubsec_dataset_intro_attr	https://support.hdfgroup.org/documentation/hdf5/latest/_h5_d__u_g.html#subsubsec_dataset_intro_attr
subsubsec_dataset_intro_link	https://support.hdfgroup.org/documentation/hdf5/latest/_h5_d__u_g.html#subsubsec_dataset_intro_link
subsubsec_dataset_intro_obj	https://support.hdfgroup.org/documentation/hdf5/latest/_h5_d__u_g.html#subsubsec_dataset_intro_obj
subsubsec_dataset_program_create	https://support.hdfgroup.org/documentation/hdf5/latest/_h5_d__u_g.html#subsubsec_dataset_program_create
subsubsec_dataset_program_general	https://support.hdfgroup.org/documentation/hdf5/latest/_h5_d__u_g.html#subsubsec_dataset_program_general
subsubsec_dataset_program_read	https://support.hdfgroup.org/documentation/hdf5/latest/_h5_d__u_g.html#subsubsec_dataset_program_read
subsubsec_dataset_program_transfer	https://support.hdfgroup.org/documentation/hdf5/latest/_h5_d__u_g.html#subsubsec_dataset_program_transfer
subsubsec_dataset_transfer_drive	https://support.hdfgroup.org/documentation/hdf5/latest/_h5_d__u_g.html#subsubsec_dataset_transfer_drive
subsubsec_dataset_transfer_dyn_filter	https://support.hdfgroup.org/documentation/hdf5/latest/_h5_d__u_g.html#subsubsec_dataset_transfer_dyn_filter
subsubsec_dataset_transfer_filter	https://support.hdfgroup.org/documentation/hdf5/latest/_h5_d__u_g.html#subsubsec_dataset_transfer_filter
subsubsec_dataset_transfer_partial	https://support.hdfgroup.org/documentation/hdf5/latest/_h5_d__u_g.html#subsubsec_dataset_transfer_partial
subsubsec_dataset_transfer_pipe	https://support.hdfgroup.org/documentation/hdf5/latest/_h5_d__u_g.html#subsubsec_dataset_transfer_pipe
subsubsec_dataset_transfer_props	https://support.hdfgroup.org/documentation/hdf5/latest/_h5_d__u_g.html#subsubsec_dataset_transfer_props
subsubsec_dataset_transfer_store	https://support.hdfgroup.org/documentation/hdf5/latest/_h5_d__u_g.html#subsubsec_dataset_transfer_store
subsubsec_dataspace_deprecated_refer_create	https://support.hdfgroup.org/documentation/hdf5/latest/_h5_s__u_g.html#subsubsec_dataspace_deprecated_refer_create
subsubsec_dataspace_program_model	https://support.hdfgroup.org/documentation/hdf5/latest/_h5_s__u_g.html#subsubsec_dataspace_program_model
subsubsec_dataspace_program_object	https://support.hdfgroup.org/documentation/hdf5/latest/_h5_s__u_g.html#subsubsec_dataspace_program_object
subsubsec_dataspace_refer_create	https://support.hdfgroup.org/documentation/hdf5/latest/_h5_s__u_g.html#subsubsec_dataspace_refer_create
subsubsec_dataspace_refer_deprecated_read	https://support.hdfgroup.org/documentation/hdf5/latest/_h5_s__u_g.html#subsubsec_dataspace_refer_deprecated_read
subsubsec_dataspace_refer_read	https://support.hdfgroup.org/documentation/hdf5/latest/_h5_s__u_g.html#subsubsec_dataspace_refer_read
subsubsec_dataspace_refer_use	https://support.hdfgroup.org/documentation/hdf5/latest/_h5_s__u_g.html#subsubsec_dataspace_refer_use
subsubsec_dataspace_transfer_model	https://support.hdfgroup.org/documentation/hdf5/latest/_h5_s__u_g.html#subsubsec_dataspace_transfer_model
subsubsec_dataspace_transfer_select	https://support.hdfgroup.org/documentation/hdf5/latest/_h5_s__u_g.html#subsubsec_dataspace_transfer_select
subsubsec_datatype_complex_analyze	https://support.hdfgroup.org/documentation/hdf5/latest/_h5_t__u_g.html#subsubsec_datatype_complex_analyze
subsubsec_datatype_complex_create	https://support.hdfgroup.org/documentation/hdf5/latest/_h5_t__u_g.html#subsubsec_datatype_complex_create
subsubsec_datatype_model_class	https://support.hdfgroup.org/documentation/hdf5/latest/_h5_t__u_g.html#subsubsec_datatype_model_class
subsubsec_datatype_model_predefine	https://support.hdfgroup.org/documentation/hdf5/latest/_h5_t__u_g.html#subsubsec_datatype_model_predefine
subsubsec_datatype_other_bitfield	https://support.hdfgroup.org/documentation/hdf5/latest/_h5_t__u_g.html#subsubsec_datatype_other_bitfield
subsubsec_datatype_other_drefs	https://support.hdfgroup.org/documentation/hdf5/latest/_h5_t__u_g.html#subsubsec_datatype_other_drefs
subsubsec_datatype_other_enum	https://support.hdfgroup.org/documentation/hdf5/latest/_h5_t__u_g.html#subsubsec_datatype_other_enum
subsubsec_datatype_other_opaque	https://support.hdfgroup.org/documentation/hdf5/latest/_h5_t__u_g.html#subsubsec_datatype_other_opaque
subsubsec_datatype_other_refs	https://support.hdfgroup.org/documentation/hdf5/latest/_h5_t__u_g.html#subsubsec_datatype_other_refs
subsubsec_datatype_other_strings	https://support.hdfgroup.org/documentation/hdf5/latest/_h5_t__u_g.html#subsubsec_datatype_other_strings
subsubsec_datatype_program_define	https://support.hdfgroup.org/documentation/hdf5/latest/_h5_t__u_g.html#subsubsec_datatype_program_define
subsubsec_datatype_program_discover	https://support.hdfgroup.org/documentation/hdf5/latest/_h5_t__u_g.html#subsubsec_datatype_program_discover
subsubsec_datatype_usage_create	https://support.hdfgroup.org/documentation/hdf5/latest/_h5_t__u_g.html#subsubsec_datatype_usage_create
subsubsec_datatype_usage_discover	https://support.hdfgroup.org/documentation/hdf5/latest/_h5_t__u_g.html#subsubsec_datatype_usage_discover
subsubsec_datatype_usage_object	https://support.hdfgroup.org/documentation/hdf5/latest/_h5_t__u_g.html#subsubsec_datatype_usage_object
subsubsec_datatype_usage_transfer	https://support.hdfgroup.org/documentation/hdf5/latest/_h5_t__u_g.html#subsubsec_datatype_usage_transfer
subsubsec_datatype_usage_user	https://support.hdfgroup.org/documentation/hdf5/latest/_h5_t__u_g.html#subsubsec_datatype_usage_user
subsubsec_dim_scales_api_model_attach	https://support.hdfgroup.org/documentation/hdf5/latest/_h5_d_s__u_g.html#subsubsec_dim_scales_api_model_attach
subsubsec_dim_scales_api_model_clean	https://support.hdfgroup.org/documentation/hdf5/latest/_h5_d_s__u_g.html#subsubsec_dim_scales_api_model_clean
subsubsec_dim_scales_api_model_create	https://support.hdfgroup.org/documentation/hdf5/latest/_h5_d_s__u_g.html#subsubsec_dim_scales_api_model_create
subsubsec_dim_scales_api_model_del	https://support.hdfgroup.org/documentation/hdf5/latest/_h5_d_s__u_g.html#subsubsec_dim_scales_api_model_del
subsubsec_dim_scales_api_model_detach	https://support.hdfgroup.org/documentation/hdf5/latest/_h5_d_s__u_g.html#subsubsec_dim_scales_api_model_detach
subsubsec_dim_scales_api_model_extend	https://support.hdfgroup.org/documentation/hdf5/latest/_h5_d_s__u_g.html#subsubsec_dim_scales_api_model_extend
subsubsec_dim_scales_api_model_label	https://support.hdfgroup.org/documentation/hdf5/latest/_h5_d_s__u_g.html#subsubsec_dim_scales_api_model_label
subsubsec_dim_scales_api_model_read	https://support.hdfgroup.org/documentation/hdf5/latest/_h5_d_s__u_g.html#subsubsec_dim_scales_api_model_read
subsubsec_dim_scales_api_model_write	https://support.hdfgroup.org/documentation/hdf5/latest/_h5_d_s__u_g.html#subsubsec_dim_scales_api_model_write
subsubsec_dim_scales_spec_store_attr	https://support.hdfgroup.org/documentation/hdf5/latest/_h5_d_s__u_g.html#subsubsec_dim_scales_spec_store_attr
subsubsec_dim_scales_spec_store_dset	https://support.hdfgroup.org/documentation/hdf5/latest/_h5_d_s__u_g.html#subsubsec_dim_scales_spec_store_dset
subsubsec_error_adv_app	https://support.hdfgroup.org/documentation/hdf5/latest/_h5_e__u_g.html#subsubsec_error_adv_app
subsubsec_error_adv_more	https://support.hdfgroup.org/documentation/hdf5/latest/_h5_e__u_g.html#subsubsec_error_adv_more
subsubsec_error_ops_custom_print	https://support.hdfgroup.org/documentation/hdf5/latest/_h5_e__u_g.html#subsubsec_error_ops_custom_print
subsubsec_error_ops_mute	https://support.hdfgroup.org/documentation/hdf5/latest/_h5_e__u_g.html#subsubsec_error_ops_mute
subsubsec_error_ops_print	https://support.hdfgroup.org/documentation/hdf5/latest/_h5_e__u_g.html#subsubsec_error_ops_print
subsubsec_error_ops_stack	https://support.hdfgroup.org/documentation/hdf5/latest/_h5_e__u_g.html#subsubsec_error_ops_stack
subsubsec_error_ops_travers	https://support.hdfgroup.org/documentation/hdf5/latest/_h5_e__u_g.html#subsubsec_error_ops_travers
subsubsec_error_ops_walk	https://support.hdfgroup.org/documentation/hdf5/latest/_h5_e__u_g.html#subsubsec_error_ops_walk
subsubsec_error_program_detection	https://support.hdfgroup.org/documentation/hdf5/latest/_h5_e__u_g.html#subsubsec_error_program_detection
subsubsec_error_program_handling	https://support.hdfgroup.org/documentation/hdf5/latest/_h5_e__u_g.html#subsubsec_error_program_handling
subsubsec_error_program_model	https://support.hdfgroup.org/documentation/hdf5/latest/_h5_e__u_g.html#subsubsec_error_program_model
subsubsec_file_alternate_drivers_direct	https://support.hdfgroup.org/documentation/hdf5/latest/_h5_f__u_g.html#subsubsec_file_alternate_drivers_direct
subsubsec_file_alternate_drivers_family	https://support.hdfgroup.org/documentation/hdf5/latest/_h5_f__u_g.html#subsubsec_file_alternate_drivers_family
subsubsec_file_alternate_drivers_id	https://support.hdfgroup.org/documentation/hdf5/latest/_h5_f__u_g.html#subsubsec_file_alternate_drivers_id
subsubsec_file_alternate_drivers_log	https://support.hdfgroup.org/documentation/hdf5/latest/_h5_f__u_g.html#subsubsec_file_alternate_drivers_log
subsubsec_file_alternate_drivers_mem	https://support.hdfgroup.org/documentation/hdf5/latest/_h5_f__u_g.html#subsubsec_file_alternate_drivers_mem
subsubsec_file_alternate_drivers_multi	https://support.hdfgroup.org/documentation/hdf5/latest/_h5_f__u_g.html#subsubsec_file_alternate_drivers_multi
subsubsec_file_alternate_drivers_par	https://support.hdfgroup.org/documentation/hdf5/latest/_h5_f__u_g.html#subsubsec_file_alternate_drivers_par
subsubsec_file_alternate_drivers_ros3	https://support.hdfgroup.org/documentation/hdf5/latest/_h5_f__u_g.html#subsubsec_file_alternate_drivers_ros3
subsubsec_file_alternate_drivers_sec2	https://support.hdfgroup.org/documentation/hdf5/latest/_h5_f__u_g.html#subsubsec_file_alternate_drivers_sec2
subsubsec_file_alternate_drivers_split	https://support.hdfgroup.org/documentation/hdf5/latest/_h5_f__u_g.html#subsubsec_file_alternate_drivers_split
subsubsec_file_alternate_drivers_stdio	https://support.hdfgroup.org/documentation/hdf5/latest/_h5_f__u_g.html#subsubsec_file_alternate_drivers_stdio
subsubsec_file_alternate_drivers_win	https://support.hdfgroup.org/documentation/hdf5/latest/_h5_f__u_g.html#subsubsec_file_alternate_drivers_win
subsubsec_file_examples_access	https://support.hdfgroup.org/documentation/hdf5/latest/_h5_f__u_g.html#subsubsec_file_examples_access
subsubsec_file_examples_props	https://support.hdfgroup.org/documentation/hdf5/latest/_h5_f__u_g.html#subsubsec_file_examples_props
subsubsec_file_examples_trunc	https://support.hdfgroup.org/documentation/hdf5/latest/_h5_f__u_g.html#subsubsec_file_examples_trunc
subsubsec_file_image_api_high	https://support.hdfgroup.org/documentation/hdf5/latest/_h5_f_i_m__u_g.html#subsubsec_file_image_api_high
subsubsec_file_image_api_low	https://support.hdfgroup.org/documentation/hdf5/latest/_h5_f_i_m__u_g.html#subsubsec_file_image_api_low
subsubsec_file_image_example_const	https://support.hdfgroup.org/documentation/hdf5/latest/_h5_f_i_m__u_g.html#subsubsec_file_image_example_const
subsubsec_file_image_example_dp	https://support.hdfgroup.org/documentation/hdf5/latest/_h5_f_i_m__u_g.html#subsubsec_file_image_example_dp
subsubsec_file_image_example_read	https://support.hdfgroup.org/documentation/hdf5/latest/_h5_f_i_m__u_g.html#subsubsec_file_image_example_read
subsubsec_file_image_example_template	https://support.hdfgroup.org/documentation/hdf5/latest/_h5_f_i_m__u_g.html#subsubsec_file_image_example_template
subsubsec_file_image_fort_high	https://support.hdfgroup.org/documentation/hdf5/latest/_h5_f_i_m__u_g.html#subsubsec_file_image_fort_high
subsubsec_file_image_fort_low	https://support.hdfgroup.org/documentation/hdf5/latest/_h5_f_i_m__u_g.html#subsubsec_file_image_fort_low
subsubsec_file_image_intro_abbr	https://support.hdfgroup.org/documentation/hdf5/latest/_h5_f_i_m__u_g.html#subsubsec_file_image_intro_abbr
subsubsec_file_image_intro_pre	https://support.hdfgroup.org/documentation/hdf5/latest/_h5_f_i_m__u_g.html#subsubsec_file_image_intro_pre
subsubsec_file_image_intro_res	https://support.hdfgroup.org/documentation/hdf5/latest/_h5_f_i_m__u_g.html#subsubsec_file_image_intro_res
subsubsec_file_image_intro_sum	https://support.hdfgroup.org/documentation/hdf5/latest/_h5_f_i_m__u_g.html#subsubsec_file_image_intro_sum
subsubsec_file_image_semantics_cbk	https://support.hdfgroup.org/documentation/hdf5/latest/_h5_f_i_m__u_g.html#subsubsec_file_image_semantics_cbk
subsubsec_file_image_semantics_init	https://support.hdfgroup.org/documentation/hdf5/latest/_h5_f_i_m__u_g.html#subsubsec_file_image_semantics_init
subsubsec_file_program_model_close	https://support.hdfgroup.org/documentation/hdf5/latest/_h5_f__u_g.html#subsubsec_file_program_model_close
subsubsec_file_program_model_create	https://support.hdfgroup.org/documentation/hdf5/latest/_h5_f__u_g.html#subsubsec_file_program_model_create
subsubsec_file_program_model_open	https://support.hdfgroup.org/documentation/hdf5/latest/_h5_f__u_g.html#subsubsec_file_program_model_open
subsubsec_file_property_lists_access	https://support.hdfgroup.org/documentation/hdf5/latest/_h5_f__u_g.html#subsubsec_file_property_lists_access
subsubsec_file_property_lists_create	https://support.hdfgroup.org/documentation/hdf5/latest/_h5_f__u_g.html#subsubsec_file_property_lists_create
subsubsec_file_property_lists_props	https://support.hdfgroup.org/documentation/hdf5/latest/_h5_f__u_g.html#subsubsec_file_property_lists_props
subsubsec_filter_plugins_model_custom	https://support.hdfgroup.org/documentation/hdf5/latest/_h5_p_l__u_g.html#subsubsec_filter_plugins_model_custom
subsubsec_filter_plugins_model_read	https://support.hdfgroup.org/documentation/hdf5/latest/_h5_p_l__u_g.html#subsubsec_filter_plugins_model_read
subsubsec_filter_plugins_prog_create	https://support.hdfgroup.org/documentation/hdf5/latest/_h5_p_l__u_g.html#subsubsec_filter_plugins_prog_create
subsubsec_filter_plugins_prog_install	https://support.hdfgroup.org/documentation/hdf5/latest/_h5_p_l__u_g.html#subsubsec_filter_plugins_prog_install
subsubsec_filter_plugins_prog_reg	https://support.hdfgroup.org/documentation/hdf5/latest/_h5_p_l__u_g.html#subsubsec_filter_plugins_prog_reg
subsubsec_filter_plugins_prog_write	https://support.hdfgroup.org/documentation/hdf5/latest/_h5_p_l__u_g.html#subsubsec_filter_plugins_prog_write
subsubsec_fmt11_dataobject_hdr_attribute	https://support.hdfgroup.org/documentation/hdf5/latest/_f_m_t11.html#subsubsec_fmt11_dataobject_hdr_attribute
subsubsec_fmt11_dataobject_hdr_comment	https://support.hdfgroup.org/documentation/hdf5/latest/_f_m_t11.html#subsubsec_fmt11_dataobject_hdr_comment
subsubsec_fmt11_dataobject_hdr_continuation	https://support.hdfgroup.org/documentation/hdf5/latest/_f_m_t11.html#subsubsec_fmt11_dataobject_hdr_continuation
subsubsec_fmt11_dataobject_hdr_dtmessage	https://support.hdfgroup.org/documentation/hdf5/latest/_f_m_t11.html#subsubsec_fmt11_dataobject_hdr_dtmessage
subsubsec_fmt11_dataobject_hdr_external	https://support.hdfgroup.org/documentation/hdf5/latest/_f_m_t11.html#subsubsec_fmt11_dataobject_hdr_external
subsubsec_fmt11_dataobject_hdr_filter	https://support.hdfgroup.org/documentation/hdf5/latest/_f_m_t11.html#subsubsec_fmt11_dataobject_hdr_filter
subsubsec_fmt11_dataobject_hdr_fvmessage	https://support.hdfgroup.org/documentation/hdf5/latest/_f_m_t11.html#subsubsec_fmt11_dataobject_hdr_fvmessage
subsubsec_fmt11_dataobject_hdr_layout	https://support.hdfgroup.org/documentation/hdf5/latest/_f_m_t11.html#subsubsec_fmt11_dataobject_hdr_layout
subsubsec_fmt11_dataobject_hdr_message_0002	https://support.hdfgroup.org/documentation/hdf5/latest/_f_m_t11.html#subsubsec_fmt11_dataobject_hdr_message_0002
subsubsec_fmt11_dataobject_hdr_message_0006	https://support.hdfgroup.org/documentation/hdf5/latest/_f_m_t11.html#subsubsec_fmt11_dataobject_hdr_message_0006
subsubsec_fmt11_dataobject_hdr_message_0009	https://support.hdfgroup.org/documentation/hdf5/latest/_f_m_t11.html#subsubsec_fmt11_dataobject_hdr_message_0009
subsubsec_fmt11_dataobject_hdr_message_000A	https://support.hdfgroup.org/documentation/hdf5/latest/_f_m_t11.html#subsubsec_fmt11_dataobject_hdr_message_000A
subsubsec_fmt11_dataobject_hdr_mod	https://support.hdfgroup.org/documentation/hdf5/latest/_f_m_t11.html#subsubsec_fmt11_dataobject_hdr_mod
subsubsec_fmt11_dataobject_hdr_modified	https://support.hdfgroup.org/documentation/hdf5/latest/_f_m_t11.html#subsubsec_fmt11_dataobject_hdr_modified
subsubsec_fmt11_dataobject_hdr_nil	https://support.hdfgroup.org/documentation/hdf5/latest/_f_m_t11.html#subsubsec_fmt11_dataobject_hdr_nil
subsubsec_fmt11_dataobject_hdr_ofvmessage	https://support.hdfgroup.org/documentation/hdf5/latest/_f_m_t11.html#subsubsec_fmt11_dataobject_hdr_ofvmessage
subsubsec_fmt11_dataobject_hdr_shared	https://support.hdfgroup.org/documentation/hdf5/latest/_f_m_t11.html#subsubsec_fmt11_dataobject_hdr_shared
subsubsec_fmt11_dataobject_hdr_simple	https://support.hdfgroup.org/documentation/hdf5/latest/_f_m_t11.html#subsubsec_fmt11_dataobject_hdr_simple
subsubsec_fmt11_dataobject_hdr_stmgroup	https://support.hdfgroup.org/documentation/hdf5/latest/_f_m_t11.html#subsubsec_fmt11_dataobject_hdr_stmgroup
subsubsec_fmt11_infra_symboltableentry_scratch	https://support.hdfgroup.org/documentation/hdf5/latest/_f_m_t11.html#subsubsec_fmt11_infra_symboltableentry_scratch
subsubsec_fmt1_dataobject_hdr_attribute	https://support.hdfgroup.org/documentation/hdf5/latest/_f_m_t1.html#subsubsec_fmt1_dataobject_hdr_attribute
subsubsec_fmt1_dataobject_hdr_compact	https://support.hdfgroup.org/documentation/hdf5/latest/_f_m_t1.html#subsubsec_fmt1_dataobject_hdr_compact
subsubsec_fmt1_dataobject_hdr_continuation	https://support.hdfgroup.org/documentation/hdf5/latest/_f_m_t1.html#subsubsec_fmt1_dataobject_hdr_continuation
subsubsec_fmt1_dataobject_hdr_dtmessage	https://support.hdfgroup.org/documentation/hdf5/latest/_f_m_t1.html#subsubsec_fmt1_dataobject_hdr_dtmessage
subsubsec_fmt1_dataobject_hdr_external	https://support.hdfgroup.org/documentation/hdf5/latest/_f_m_t1.html#subsubsec_fmt1_dataobject_hdr_external
subsubsec_fmt1_dataobject_hdr_filter	https://support.hdfgroup.org/documentation/hdf5/latest/_f_m_t1.html#subsubsec_fmt1_dataobject_hdr_filter
subsubsec_fmt1_dataobject_hdr_fvmessage	https://support.hdfgroup.org/documentation/hdf5/latest/_f_m_t1.html#subsubsec_fmt1_dataobject_hdr_fvmessage
subsubsec_fmt1_dataobject_hdr_layout	https://support.hdfgroup.org/documentation/hdf5/latest/_f_m_t1.html#subsubsec_fmt1_dataobject_hdr_layout
subsubsec_fmt1_dataobject_hdr_message_0005	https://support.hdfgroup.org/documentation/hdf5/latest/_f_m_t1.html#subsubsec_fmt1_dataobject_hdr_message_0005
subsubsec_fmt1_dataobject_hdr_message_0009	https://support.hdfgroup.org/documentation/hdf5/latest/_f_m_t1.html#subsubsec_fmt1_dataobject_hdr_message_0009
subsubsec_fmt1_dataobject_hdr_message_000A	https://support.hdfgroup.org/documentation/hdf5/latest/_f_m_t1.html#subsubsec_fmt1_dataobject_hdr_message_000A
subsubsec_fmt1_dataobject_hdr_modified	https://support.hdfgroup.org/documentation/hdf5/latest/_f_m_t1.html#subsubsec_fmt1_dataobject_hdr_modified
subsubsec_fmt1_dataobject_hdr_name	https://support.hdfgroup.org/documentation/hdf5/latest/_f_m_t1.html#subsubsec_fmt1_dataobject_hdr_name
subsubsec_fmt1_dataobject_hdr_nil	https://support.hdfgroup.org/documentation/hdf5/latest/_f_m_t1.html#subsubsec_fmt1_dataobject_hdr_nil
subsubsec_fmt1_dataobject_hdr_shared	https://support.hdfgroup.org/documentation/hdf5/latest/_f_m_t1.html#subsubsec_fmt1_dataobject_hdr_shared
subsubsec_fmt1_dataobject_hdr_simple	https://support.hdfgroup.org/documentation/hdf5/latest/_f_m_t1.html#subsubsec_fmt1_dataobject_hdr_simple
subsubsec_fmt1_dataobject_hdr_stmgroup	https://support.hdfgroup.org/documentation/hdf5/latest/_f_m_t1.html#subsubsec_fmt1_dataobject_hdr_stmgroup
subsubsec_fmt1_group_symboltableentry_scratch	https://support.hdfgroup.org/documentation/hdf5/latest/_f_m_t1.html#subsubsec_fmt1_group_symboltableentry_scratch
subsubsec_fmt2_dataobject_hdr_msg_attribute	https://support.hdfgroup.org/documentation/hdf5/latest/_f_m_t2.html#subsubsec_fmt2_dataobject_hdr_msg_attribute
subsubsec_fmt2_dataobject_hdr_msg_attrinfo	https://support.hdfgroup.org/documentation/hdf5/latest/_f_m_t2.html#subsubsec_fmt2_dataobject_hdr_msg_attrinfo
subsubsec_fmt2_dataobject_hdr_msg_bogus	https://support.hdfgroup.org/documentation/hdf5/latest/_f_m_t2.html#subsubsec_fmt2_dataobject_hdr_msg_bogus
subsubsec_fmt2_dataobject_hdr_msg_btreek	https://support.hdfgroup.org/documentation/hdf5/latest/_f_m_t2.html#subsubsec_fmt2_dataobject_hdr_msg_btreek
subsubsec_fmt2_dataobject_hdr_msg_comment	https://support.hdfgroup.org/documentation/hdf5/latest/_f_m_t2.html#subsubsec_fmt2_dataobject_hdr_msg_comment
subsubsec_fmt2_dataobject_hdr_msg_continuation	https://support.hdfgroup.org/documentation/hdf5/latest/_f_m_t2.html#subsubsec_fmt2_dataobject_hdr_msg_continuation
subsubsec_fmt2_dataobject_hdr_msg_drvinfo	https://support.hdfgroup.org/documentation/hdf5/latest/_f_m_t2.html#subsubsec_fmt2_dataobject_hdr_msg_drvinfo
subsubsec_fmt2_dataobject_hdr_msg_dtmessage	https://support.hdfgroup.org/documentation/hdf5/latest/_f_m_t2.html#subsubsec_fmt2_dataobject_hdr_msg_dtmessage
subsubsec_fmt2_dataobject_hdr_msg_external	https://support.hdfgroup.org/documentation/hdf5/latest/_f_m_t2.html#subsubsec_fmt2_dataobject_hdr_msg_external
subsubsec_fmt2_dataobject_hdr_msg_filter	https://support.hdfgroup.org/documentation/hdf5/latest/_f_m_t2.html#subsubsec_fmt2_dataobject_hdr_msg_filter
subsubsec_fmt2_dataobject_hdr_msg_fsinfo	https://support.hdfgroup.org/documentation/hdf5/latest/_f_m_t2.html#subsubsec_fmt2_dataobject_hdr_msg_fsinfo
subsubsec_fmt2_dataobject_hdr_msg_fvmessage	https://support.hdfgroup.org/documentation/hdf5/latest/_f_m_t2.html#subsubsec_fmt2_dataobject_hdr_msg_fvmessage
subsubsec_fmt2_dataobject_hdr_msg_groupinfo	https://support.hdfgroup.org/documentation/hdf5/latest/_f_m_t2.html#subsubsec_fmt2_dataobject_hdr_msg_groupinfo
subsubsec_fmt2_dataobject_hdr_msg_layout	https://support.hdfgroup.org/documentation/hdf5/latest/_f_m_t2.html#subsubsec_fmt2_dataobject_hdr_msg_layout
subsubsec_fmt2_dataobject_hdr_msg_link	https://support.hdfgroup.org/documentation/hdf5/latest/_f_m_t2.html#subsubsec_fmt2_dataobject_hdr_msg_link
subsubsec_fmt2_dataobject_hdr_msg_linkinfo	https://support.hdfgroup.org/documentation/hdf5/latest/_f_m_t2.html#subsubsec_fmt2_dataobject_hdr_msg_linkinfo
subsubsec_fmt2_dataobject_hdr_msg_mod	https://support.hdfgroup.org/documentation/hdf5/latest/_f_m_t2.html#subsubsec_fmt2_dataobject_hdr_msg_mod
subsubsec_fmt2_dataobject_hdr_msg_nil	https://support.hdfgroup.org/documentation/hdf5/latest/_f_m_t2.html#subsubsec_fmt2_dataobject_hdr_msg_nil
subsubsec_fmt2_dataobject_hdr_msg_ofvmessage	https://support.hdfgroup.org/documentation/hdf5/latest/_f_m_t2.html#subsubsec_fmt2_dataobject_hdr_msg_ofvmessage
subsubsec_fmt2_dataobject_hdr_msg_omodified	https://support.hdfgroup.org/documentation/hdf5/latest/_f_m_t2.html#subsubsec_fmt2_dataobject_hdr_msg_omodified
subsubsec_fmt2_dataobject_hdr_msg_refcount	https://support.hdfgroup.org/documentation/hdf5/latest/_f_m_t2.html#subsubsec_fmt2_dataobject_hdr_msg_refcount
subsubsec_fmt2_dataobject_hdr_msg_shared	https://support.hdfgroup.org/documentation/hdf5/latest/_f_m_t2.html#subsubsec_fmt2_dataobject_hdr_msg_shared
subsubsec_fmt2_dataobject_hdr_msg_simple	https://support.hdfgroup.org/documentation/hdf5/latest/_f_m_t2.html#subsubsec_fmt2_dataobject_hdr_msg_simple
subsubsec_fmt2_dataobject_hdr_msg_stmgroup	https://support.hdfgroup.org/documentation/hdf5/latest/_f_m_t2.html#subsubsec_fmt2_dataobject_hdr_msg_stmgroup
subsubsec_fmt2_dataobject_hdr_prefix_one	https://support.hdfgroup.org/documentation/hdf5/latest/_f_m_t2.html#subsubsec_fmt2_dataobject_hdr_prefix_one
subsubsec_fmt2_dataobject_hdr_prefix_two	https://support.hdfgroup.org/documentation/hdf5/latest/_f_m_t2.html#subsubsec_fmt2_dataobject_hdr_prefix_two
subsubsec_fmt2_infra_btrees_v1	https://support.hdfgroup.org/documentation/hdf5/latest/_f_m_t2.html#subsubsec_fmt2_infra_btrees_v1
subsubsec_fmt2_infra_btrees_v2	https://support.hdfgroup.org/documentation/hdf5/latest/_f_m_t2.html#subsubsec_fmt2_infra_btrees_v2
subsubsec_fmt2_infra_symboltableentry_scratch	https://support.hdfgroup.org/documentation/hdf5/latest/_f_m_t2.html#subsubsec_fmt2_infra_symboltableentry_scratch
subsubsec_fmt3_dataobject_hdr_msg_attribute	https://support.hdfgroup.org/documentation/hdf5/latest/_f_m_t3.html#subsubsec_fmt3_dataobject_hdr_msg_attribute
subsubsec_fmt3_dataobject_hdr_msg_attrinfo	https://support.hdfgroup.org/documentation/hdf5/latest/_f_m_t3.html#subsubsec_fmt3_dataobject_hdr_msg_attrinfo
subsubsec_fmt3_dataobject_hdr_msg_bogus	https://support.hdfgroup.org/documentation/hdf5/latest/_f_m_t3.html#subsubsec_fmt3_dataobject_hdr_msg_bogus
subsubsec_fmt3_dataobject_hdr_msg_btreek	https://support.hdfgroup.org/documentation/hdf5/latest/_f_m_t3.html#subsubsec_fmt3_dataobject_hdr_msg_btreek
subsubsec_fmt3_dataobject_hdr_msg_comment	https://support.hdfgroup.org/documentation/hdf5/latest/_f_m_t3.html#subsubsec_fmt3_dataobject_hdr_msg_comment
subsubsec_fmt3_dataobject_hdr_msg_continuation	https://support.hdfgroup.org/documentation/hdf5/latest/_f_m_t3.html#subsubsec_fmt3_dataobject_hdr_msg_continuation
subsubsec_fmt3_dataobject_hdr_msg_drvinfo	https://support.hdfgroup.org/documentation/hdf5/latest/_f_m_t3.html#subsubsec_fmt3_dataobject_hdr_msg_drvinfo
subsubsec_fmt3_dataobject_hdr_msg_dtmessage	https://support.hdfgroup.org/documentation/hdf5/latest/_f_m_t3.html#subsubsec_fmt3_dataobject_hdr_msg_dtmessage
subsubsec_fmt3_dataobject_hdr_msg_external	https://support.hdfgroup.org/documentation/hdf5/latest/_f_m_t3.html#subsubsec_fmt3_dataobject_hdr_msg_external
subsubsec_fmt3_dataobject_hdr_msg_filter	https://support.hdfgroup.org/documentation/hdf5/latest/_f_m_t3.html#subsubsec_fmt3_dataobject_hdr_msg_filter
subsubsec_fmt3_dataobject_hdr_msg_fsinfo	https://support.hdfgroup.org/documentation/hdf5/latest/_f_m_t3.html#subsubsec_fmt3_dataobject_hdr_msg_fsinfo
subsubsec_fmt3_dataobject_hdr_msg_fvmessage	https://support.hdfgroup.org/documentation/hdf5/latest/_f_m_t3.html#subsubsec_fmt3_dataobject_hdr_msg_fvmessage
subsubsec_fmt3_dataobject_hdr_msg_groupinfo	https://support.hdfgroup.org/documentation/hdf5/latest/_f_m_t3.html#subsubsec_fmt3_dataobject_hdr_msg_groupinfo
subsubsec_fmt3_dataobject_hdr_msg_layout	https://support.hdfgroup.org/documentation/hdf5/latest/_f_m_t3.html#subsubsec_fmt3_dataobject_hdr_msg_layout
subsubsec_fmt3_dataobject_hdr_msg_link	https://support.hdfgroup.org/documentation/hdf5/latest/_f_m_t3.html#subsubsec_fmt3_dataobject_hdr_msg_link
subsubsec_fmt3_dataobject_hdr_msg_linkinfo	https://support.hdfgroup.org/documentation/hdf5/latest/_f_m_t3.html#subsubsec_fmt3_dataobject_hdr_msg_linkinfo
subsubsec_fmt3_dataobject_hdr_msg_mod	https://support.hdfgroup.org/documentation/hdf5/latest/_f_m_t3.html#subsubsec_fmt3_dataobject_hdr_msg_mod
subsubsec_fmt3_dataobject_hdr_msg_nil	https://support.hdfgroup.org/documentation/hdf5/latest/_f_m_t3.html#subsubsec_fmt3_dataobject_hdr_msg_nil
subsubsec_fmt3_dataobject_hdr_msg_ofvmessage	https://support.hdfgroup.org/documentation/hdf5/latest/_f_m_t3.html#subsubsec_fmt3_dataobject_hdr_msg_ofvmessage
subsubsec_fmt3_dataobject_hdr_msg_omodified	https://support.hdfgroup.org/documentation/hdf5/latest/_f_m_t3.html#subsubsec_fmt3_dataobject_hdr_msg_omodified
subsubsec_fmt3_dataobject_hdr_msg_refcount	https://support.hdfgroup.org/documentation/hdf5/latest/_f_m_t3.html#subsubsec_fmt3_dataobject_hdr_msg_refcount
subsubsec_fmt3_dataobject_hdr_msg_shared	https://support.hdfgroup.org/documentation/hdf5/latest/_f_m_t3.html#subsubsec_fmt3_dataobject_hdr_msg_shared
subsubsec_fmt3_dataobject_hdr_msg_simple	https://support.hdfgroup.org/documentation/hdf5/latest/_f_m_t3.html#subsubsec_fmt3_dataobject_hdr_msg_simple
subsubsec_fmt3_dataobject_hdr_msg_stmgroup	https://support.hdfgroup.org/documentation/hdf5/latest/_f_m_t3.html#subsubsec_fmt3_dataobject_hdr_msg_stmgroup
subsubsec_fmt3_dataobject_hdr_prefix_one	https://support.hdfgroup.org/documentation/hdf5/latest/_f_m_t3.html#subsubsec_fmt3_dataobject_hdr_prefix_one
subsubsec_fmt3_dataobject_hdr_prefix_two	https://support.hdfgroup.org/documentation/hdf5/latest/_f_m_t3.html#subsubsec_fmt3_dataobject_hdr_prefix_two
subsubsec_fmt3_infra_btrees_v1	https://support.hdfgroup.org/documentation/hdf5/latest/_f_m_t3.html#subsubsec_fmt3_infra_btrees_v1
subsubsec_fmt3_infra_btrees_v2	https://support.hdfgroup.org/documentation/hdf5/latest/_f_m_t3.html#subsubsec_fmt3_infra_btrees_v2
subsubsec_fmt3_infra_symboltableentry_scratch	https://support.hdfgroup.org/documentation/hdf5/latest/_f_m_t3.html#subsubsec_fmt3_infra_symboltableentry_scratch
subsubsec_fmt4_dataobject_hdr_msg_attribute	https://support.hdfgroup.org/documentation/hdf5/latest/_f_m_t4.html#subsubsec_fmt4_dataobject_hdr_msg_attribute
subsubsec_fmt4_dataobject_hdr_msg_attrinfo	https://support.hdfgroup.org/documentation/hdf5/latest/_f_m_t4.html#subsubsec_fmt4_dataobject_hdr_msg_attrinfo
subsubsec_fmt4_dataobject_hdr_msg_bogus	https://support.hdfgroup.org/documentation/hdf5/latest/_f_m_t4.html#subsubsec_fmt4_dataobject_hdr_msg_bogus
subsubsec_fmt4_dataobject_hdr_msg_btreek	https://support.hdfgroup.org/documentation/hdf5/latest/_f_m_t4.html#subsubsec_fmt4_dataobject_hdr_msg_btreek
subsubsec_fmt4_dataobject_hdr_msg_comment	https://support.hdfgroup.org/documentation/hdf5/latest/_f_m_t4.html#subsubsec_fmt4_dataobject_hdr_msg_comment
subsubsec_fmt4_dataobject_hdr_msg_continuation	https://support.hdfgroup.org/documentation/hdf5/latest/_f_m_t4.html#subsubsec_fmt4_dataobject_hdr_msg_continuation
subsubsec_fmt4_dataobject_hdr_msg_drvinfo	https://support.hdfgroup.org/documentation/hdf5/latest/_f_m_t4.html#subsubsec_fmt4_dataobject_hdr_msg_drvinfo
subsubsec_fmt4_dataobject_hdr_msg_dtmessage	https://support.hdfgroup.org/documentation/hdf5/latest/_f_m_t4.html#subsubsec_fmt4_dataobject_hdr_msg_dtmessage
subsubsec_fmt4_dataobject_hdr_msg_external	https://support.hdfgroup.org/documentation/hdf5/latest/_f_m_t4.html#subsubsec_fmt4_dataobject_hdr_msg_external
subsubsec_fmt4_dataobject_hdr_msg_filter	https://support.hdfgroup.org/documentation/hdf5/latest/_f_m_t4.html#subsubsec_fmt4_dataobject_hdr_msg_filter
subsubsec_fmt4_dataobject_hdr_msg_fsinfo	https://support.hdfgroup.org/documentation/hdf5/latest/_f_m_t4.html#subsubsec_fmt4_dataobject_hdr_msg_fsinfo
subsubsec_fmt4_dataobject_hdr_msg_fvmessage	https://support.hdfgroup.org/documentation/hdf5/latest/_f_m_t4.html#subsubsec_fmt4_dataobject_hdr_msg_fvmessage
subsubsec_fmt4_dataobject_hdr_msg_groupinfo	https://support.hdfgroup.org/documentation/hdf5/latest/_f_m_t4.html#subsubsec_fmt4_dataobject_hdr_msg_groupinfo
subsubsec_fmt4_dataobject_hdr_msg_layout	https://support.hdfgroup.org/documentation/hdf5/latest/_f_m_t4.html#subsubsec_fmt4_dataobject_hdr_msg_layout
subsubsec_fmt4_dataobject_hdr_msg_link	https://support.hdfgroup.org/documentation/hdf5/latest/_f_m_t4.html#subsubsec_fmt4_dataobject_hdr_msg_link
subsubsec_fmt4_dataobject_hdr_msg_linkinfo	https://support.hdfgroup.org/documentation/hdf5/latest/_f_m_t4.html#subsubsec_fmt4_dataobject_hdr_msg_linkinfo
subsubsec_fmt4_dataobject_hdr_msg_mdci	https://support.hdfgroup.org/documentation/hdf5/latest/_f_m_t4.html#subsubsec_fmt4_dataobject_hdr_msg_mdci
subsubsec_fmt4_dataobject_hdr_msg_mod	https://support.hdfgroup.org/documentation/hdf5/latest/_f_m_t4.html#subsubsec_fmt4_dataobject_hdr_msg_mod
subsubsec_fmt4_dataobject_hdr_msg_nil	https://support.hdfgroup.org/documentation/hdf5/latest/_f_m_t4.html#subsubsec_fmt4_dataobject_hdr_msg_nil
subsubsec_fmt4_dataobject_hdr_msg_ofvmessage	https://support.hdfgroup.org/documentation/hdf5/latest/_f_m_t4.html#subsubsec_fmt4_dataobject_hdr_msg_ofvmessage
subsubsec_fmt4_dataobject_hdr_msg_omodified	https://support.hdfgroup.org/documentation/hdf5/latest/_f_m_t4.html#subsubsec_fmt4_dataobject_hdr_msg_omodified
subsubsec_fmt4_dataobject_hdr_msg_refcount	https://support.hdfgroup.org/documentation/hdf5/latest/_f_m_t4.html#subsubsec_fmt4_dataobject_hdr_msg_refcount
subsubsec_fmt4_dataobject_hdr_msg_shared	https://support.hdfgroup.org/documentation/hdf5/latest/_f_m_t4.html#subsubsec_fmt4_dataobject_hdr_msg_shared
subsubsec_fmt4_dataobject_hdr_msg_simple	https://support.hdfgroup.org/documentation/hdf5/latest/_f_m_t4.html#subsubsec_fmt4_dataobject_hdr_msg_simple
subsubsec_fmt4_dataobject_hdr_msg_stmgroup	https://support.hdfgroup.org/documentation/hdf5/latest/_f_m_t4.html#subsubsec_fmt4_dataobject_hdr_msg_stmgroup
subsubsec_fmt4_dataobject_hdr_prefix_one	https://support.hdfgroup.org/documentation/hdf5/latest/_f_m_t4.html#subsubsec_fmt4_dataobject_hdr_prefix_one
subsubsec_fmt4_dataobject_hdr_prefix_two	https://support.hdfgroup.org/documentation/hdf5/latest/_f_m_t4.html#subsubsec_fmt4_dataobject_hdr_prefix_two
subsubsec_fmt4_infra_btrees_v1	https://support.hdfgroup.org/documentation/hdf5/latest/_f_m_t4.html#subsubsec_fmt4_infra_btrees_v1
subsubsec_fmt4_infra_btrees_v2	https://support.hdfgroup.org/documentation/hdf5/latest/_f_m_t4.html#subsubsec_fmt4_infra_btrees_v2
subsubsec_fmt4_infra_symboltableentry_scratch	https://support.hdfgroup.org/documentation/hdf5/latest/_f_m_t4.html#subsubsec_fmt4_infra_symboltableentry_scratch
subsubsec_group_descr_impl	https://support.hdfgroup.org/documentation/hdf5/latest/_h5_g__u_g.html#subsubsec_group_descr_impl
subsubsec_group_descr_model	https://support.hdfgroup.org/documentation/hdf5/latest/_h5_g__u_g.html#subsubsec_group_descr_model
subsubsec_group_descr_object	https://support.hdfgroup.org/documentation/hdf5/latest/_h5_g__u_g.html#subsubsec_group_descr_object
subsubsec_group_descr_path	https://support.hdfgroup.org/documentation/hdf5/latest/_h5_g__u_g.html#subsubsec_group_descr_path
subsubsec_group_program_all	https://support.hdfgroup.org/documentation/hdf5/latest/_h5_g__u_g.html#subsubsec_group_program_all
subsubsec_group_program_close	https://support.hdfgroup.org/documentation/hdf5/latest/_h5_g__u_g.html#subsubsec_group_program_close
subsubsec_group_program_create	https://support.hdfgroup.org/documentation/hdf5/latest/_h5_g__u_g.html#subsubsec_group_program_create
subsubsec_group_program_dataset	https://support.hdfgroup.org/documentation/hdf5/latest/_h5_g__u_g.html#subsubsec_group_program_dataset
subsubsec_group_program_info	https://support.hdfgroup.org/documentation/hdf5/latest/_h5_g__u_g.html#subsubsec_group_program_info
subsubsec_group_program_links	https://support.hdfgroup.org/documentation/hdf5/latest/_h5_g__u_g.html#subsubsec_group_program_links
subsubsec_group_program_objs	https://support.hdfgroup.org/documentation/hdf5/latest/_h5_g__u_g.html#subsubsec_group_program_objs
subsubsec_group_program_open	https://support.hdfgroup.org/documentation/hdf5/latest/_h5_g__u_g.html#subsubsec_group_program_open
subsubsec_improve_compressed_perf_tune_cache_how	https://support.hdfgroup.org/documentation/hdf5/latest/improve_compressed_perf.html#subsubsec_improve_compressed_perf_tune_cache_how
subsubsec_improve_compressed_perf_tune_cache_mem	https://support.hdfgroup.org/documentation/hdf5/latest/improve_compressed_perf.html#subsubsec_improve_compressed_perf_tune_cache_mem
subsubsec_in200	https://support.hdfgroup.org/documentation/hdf5/latest/rel_spec_2x.html#subsubsec_in200
subsubsec_in220	https://support.hdfgroup.org/documentation/hdf5/latest/rel_spec_2x.html#subsubsec_in220
subsubsec_plist_additional	https://support.hdfgroup.org/documentation/hdf5/latest/_h5_p__u_g.html#subsubsec_plist_additional
subsubsec_plist_basic	https://support.hdfgroup.org/documentation/hdf5/latest/_h5_p__u_g.html#subsubsec_plist_basic
subsubsec_plist_class	https://support.hdfgroup.org/documentation/hdf5/latest/_h5_p__u_g.html#subsubsec_plist_class
subsubsec_plist_default	https://support.hdfgroup.org/documentation/hdf5/latest/_h5_p__u_g.html#subsubsec_plist_default
subsubsec_plist_lists	https://support.hdfgroup.org/documentation/hdf5/latest/_h5_p__u_g.html#subsubsec_plist_lists
subsubsec_plist_props	https://support.hdfgroup.org/documentation/hdf5/latest/_h5_p__u_g.html#subsubsec_plist_props
subsubsec_program_model_attr	https://support.hdfgroup.org/documentation/hdf5/latest/_h5__u_g.html#subsubsec_program_model_attr
subsubsec_program_model_close	https://support.hdfgroup.org/documentation/hdf5/latest/_h5__u_g.html#subsubsec_program_model_close
subsubsec_program_model_compound	https://support.hdfgroup.org/documentation/hdf5/latest/_h5__u_g.html#subsubsec_program_model_compound
subsubsec_program_model_create	https://support.hdfgroup.org/documentation/hdf5/latest/_h5__u_g.html#subsubsec_program_model_create
subsubsec_program_model_data	https://support.hdfgroup.org/documentation/hdf5/latest/_h5__u_g.html#subsubsec_program_model_data
subsubsec_program_model_dset	https://support.hdfgroup.org/documentation/hdf5/latest/_h5__u_g.html#subsubsec_program_model_dset
subsubsec_program_model_extend	https://support.hdfgroup.org/documentation/hdf5/latest/_h5__u_g.html#subsubsec_program_model_extend
subsubsec_program_model_group	https://support.hdfgroup.org/documentation/hdf5/latest/_h5__u_g.html#subsubsec_program_model_group
subsubsec_program_model_info	https://support.hdfgroup.org/documentation/hdf5/latest/_h5__u_g.html#subsubsec_program_model_info
subsubsec_program_model_partial	https://support.hdfgroup.org/documentation/hdf5/latest/_h5__u_g.html#subsubsec_program_model_partial
subsubsec_reference_example_new	https://support.hdfgroup.org/documentation/hdf5/latest/_h5_r__u_g.html#subsubsec_reference_example_new
subsubsec_reference_example_old	https://support.hdfgroup.org/documentation/hdf5/latest/_h5_r__u_g.html#subsubsec_reference_example_old
subsubsec_reference_limit	https://support.hdfgroup.org/documentation/hdf5/latest/_h5_r__u_g.html#subsubsec_reference_limit
subsubsec_reference_old_API	https://support.hdfgroup.org/documentation/hdf5/latest/_h5_r__u_g.html#subsubsec_reference_old_API
subsubsec_rel_spec_110_change_1versus0_new	https://support.hdfgroup.org/documentation/hdf5/latest/rel_spec_110_change.html#subsubsec_rel_spec_110_change_1versus0_new
subsubsec_rel_spec_110_change_5versus4_new	https://support.hdfgroup.org/documentation/hdf5/latest/rel_spec_110_change.html#subsubsec_rel_spec_110_change_5versus4_new
subsubsec_rel_spec_110_change_6versus5_new	https://support.hdfgroup.org/documentation/hdf5/latest/rel_spec_110_change.html#subsubsec_rel_spec_110_change_6versus5_new
subsubsec_rel_spec_110_change_7versus6_new	https://support.hdfgroup.org/documentation/hdf5/latest/rel_spec_110_change.html#subsubsec_rel_spec_110_change_7versus6_new
subsubsec_rel_spec_110_feat_new_0_add	https://support.hdfgroup.org/documentation/hdf5/latest/rel_spec_110.html#subsubsec_rel_spec_110_feat_new_0_add
subsubsec_rel_spec_110_feat_new_0_coll	https://support.hdfgroup.org/documentation/hdf5/latest/rel_spec_110.html#subsubsec_rel_spec_110_feat_new_0_coll
subsubsec_rel_spec_110_feat_new_0_edge	https://support.hdfgroup.org/documentation/hdf5/latest/rel_spec_110.html#subsubsec_rel_spec_110_feat_new_0_edge
subsubsec_rel_spec_110_feat_new_0_form	https://support.hdfgroup.org/documentation/hdf5/latest/rel_spec_110.html#subsubsec_rel_spec_110_feat_new_0_form
subsubsec_rel_spec_110_feat_new_0_fspace	https://support.hdfgroup.org/documentation/hdf5/latest/rel_spec_110.html#subsubsec_rel_spec_110_feat_new_0_fspace
subsubsec_rel_spec_110_feat_new_0_smr	https://support.hdfgroup.org/documentation/hdf5/latest/rel_spec_110.html#subsubsec_rel_spec_110_feat_new_0_smr
subsubsec_rel_spec_110_feat_new_0_tune	https://support.hdfgroup.org/documentation/hdf5/latest/rel_spec_110.html#subsubsec_rel_spec_110_feat_new_0_tune
subsubsec_rel_spec_110_feat_new_0_vds	https://support.hdfgroup.org/documentation/hdf5/latest/rel_spec_110.html#subsubsec_rel_spec_110_feat_new_0_vds
subsubsec_rel_spec_110_feat_new_1_cache	https://support.hdfgroup.org/documentation/hdf5/latest/rel_spec_110.html#subsubsec_rel_spec_110_feat_new_1_cache
subsubsec_rel_spec_110_feat_new_1_evict	https://support.hdfgroup.org/documentation/hdf5/latest/rel_spec_110.html#subsubsec_rel_spec_110_feat_new_1_evict
subsubsec_rel_spec_110_feat_new_1_pagg	https://support.hdfgroup.org/documentation/hdf5/latest/rel_spec_110.html#subsubsec_rel_spec_110_feat_new_1_pagg
subsubsec_rel_spec_110_feat_new_1_pbuf	https://support.hdfgroup.org/documentation/hdf5/latest/rel_spec_110.html#subsubsec_rel_spec_110_feat_new_1_pbuf
subsubsec_rel_spec_110_feat_new_2_comp	https://support.hdfgroup.org/documentation/hdf5/latest/rel_spec_110.html#subsubsec_rel_spec_110_feat_new_2_comp
subsubsec_rel_spec_110_feat_new_2_perf	https://support.hdfgroup.org/documentation/hdf5/latest/rel_spec_110.html#subsubsec_rel_spec_110_feat_new_2_perf
subsubsec_rel_spec_110_feat_new_5_chunk	https://support.hdfgroup.org/documentation/hdf5/latest/rel_spec_110.html#subsubsec_rel_spec_110_feat_new_5_chunk
subsubsec_rel_spec_110_feat_new_5_mpi	https://support.hdfgroup.org/documentation/hdf5/latest/rel_spec_110.html#subsubsec_rel_spec_110_feat_new_5_mpi
subsubsec_rel_spec_110_feat_new_5_ohdr	https://support.hdfgroup.org/documentation/hdf5/latest/rel_spec_110.html#subsubsec_rel_spec_110_feat_new_5_ohdr
subsubsec_rel_spec_110_feat_new_5_parchg	https://support.hdfgroup.org/documentation/hdf5/latest/rel_spec_110.html#subsubsec_rel_spec_110_feat_new_5_parchg
subsubsec_rel_spec_110_feat_new_6_cmake	https://support.hdfgroup.org/documentation/hdf5/latest/rel_spec_110.html#subsubsec_rel_spec_110_feat_new_6_cmake
subsubsec_rel_spec_110_feat_new_6_perf	https://support.hdfgroup.org/documentation/hdf5/latest/rel_spec_110.html#subsubsec_rel_spec_110_feat_new_6_perf
subsubsec_rel_spec_110_feat_new_6_virt	https://support.hdfgroup.org/documentation/hdf5/latest/rel_spec_110.html#subsubsec_rel_spec_110_feat_new_6_virt
subsubsec_rel_spec_110_migrate_faq_1	https://support.hdfgroup.org/documentation/hdf5/latest/rel_spec_110.html#subsubsec_rel_spec_110_migrate_faq_1
subsubsec_rel_spec_110_migrate_faq_2	https://support.hdfgroup.org/documentation/hdf5/latest/rel_spec_110.html#subsubsec_rel_spec_110_migrate_faq_2
subsubsec_rel_spec_110_migrate_faq_3	https://support.hdfgroup.org/documentation/hdf5/latest/rel_spec_110.html#subsubsec_rel_spec_110_migrate_faq_3
subsubsec_rel_spec_110_migrate_faq_4	https://support.hdfgroup.org/documentation/hdf5/latest/rel_spec_110.html#subsubsec_rel_spec_110_migrate_faq_4
subsubsec_rel_spec_110_migrate_faq_5	https://support.hdfgroup.org/documentation/hdf5/latest/rel_spec_110.html#subsubsec_rel_spec_110_migrate_faq_5
subsubsec_rel_spec_110_migrate_faq_6	https://support.hdfgroup.org/documentation/hdf5/latest/rel_spec_110.html#subsubsec_rel_spec_110_migrate_faq_6
subsubsec_rel_spec_112_change_0versus10_6_compat	https://support.hdfgroup.org/documentation/hdf5/latest/rel_spec_112_change.html#subsubsec_rel_spec_112_change_0versus10_6_compat
subsubsec_rel_spec_112_change_0versus10_6_new	https://support.hdfgroup.org/documentation/hdf5/latest/rel_spec_112_change.html#subsubsec_rel_spec_112_change_0versus10_6_new
subsubsec_rel_spec_112_change_1versus0_compat	https://support.hdfgroup.org/documentation/hdf5/latest/rel_spec_112_change.html#subsubsec_rel_spec_112_change_1versus0_compat
subsubsec_rel_spec_112_change_1versus0_new	https://support.hdfgroup.org/documentation/hdf5/latest/rel_spec_112_change.html#subsubsec_rel_spec_112_change_1versus0_new
subsubsec_rel_spec_112_change_2versus1_new	https://support.hdfgroup.org/documentation/hdf5/latest/rel_spec_112_change.html#subsubsec_rel_spec_112_change_2versus1_new
subsubsec_rel_spec_114_change_0versus12_2_new	https://support.hdfgroup.org/documentation/hdf5/latest/rel_spec_114_change.html#subsubsec_rel_spec_114_change_0versus12_2_new
subsubsec_rel_spec_114_change_1versus0_new	https://support.hdfgroup.org/documentation/hdf5/latest/rel_spec_114_change.html#subsubsec_rel_spec_114_change_1versus0_new
subsubsec_rel_spec_114_change_2versus1_new	https://support.hdfgroup.org/documentation/hdf5/latest/rel_spec_114_change.html#subsubsec_rel_spec_114_change_2versus1_new
subsubsec_rel_spec_114_change_3versus2_new	https://support.hdfgroup.org/documentation/hdf5/latest/rel_spec_114_change.html#subsubsec_rel_spec_114_change_3versus2_new
subsubsec_rel_spec_114_change_4versus3_new	https://support.hdfgroup.org/documentation/hdf5/latest/rel_spec_114_change.html#subsubsec_rel_spec_114_change_4versus3_new
subsubsec_rel_spec_114_change_5versus4_new	https://support.hdfgroup.org/documentation/hdf5/latest/rel_spec_114_change.html#subsubsec_rel_spec_114_change_5versus4_new
subsubsec_rel_spec_114_change_6versus5_new	https://support.hdfgroup.org/documentation/hdf5/latest/rel_spec_114_change.html#subsubsec_rel_spec_114_change_6versus5_new
subsubsec_rel_spec_114_migrate_api_h5vlquery	https://support.hdfgroup.org/documentation/hdf5/latest/rel_spec_114.html#subsubsec_rel_spec_114_migrate_api_h5vlquery
subsubsec_rel_spec_18_change_0_compat	https://support.hdfgroup.org/documentation/hdf5/latest/rel_spec_18.html#subsubsec_rel_spec_18_change_0_compat
subsubsec_rel_spec_18_change_0_config	https://support.hdfgroup.org/documentation/hdf5/latest/rel_spec_18.html#subsubsec_rel_spec_18_change_0_config
subsubsec_rel_spec_18_change_0_dtypes	https://support.hdfgroup.org/documentation/hdf5/latest/rel_spec_18.html#subsubsec_rel_spec_18_change_0_dtypes
subsubsec_rel_spec_18_change_0_new	https://support.hdfgroup.org/documentation/hdf5/latest/rel_spec_18.html#subsubsec_rel_spec_18_change_0_new
subsubsec_rel_spec_18_change_0_props	https://support.hdfgroup.org/documentation/hdf5/latest/rel_spec_18.html#subsubsec_rel_spec_18_change_0_props
subsubsec_rel_spec_18_change_10_new	https://support.hdfgroup.org/documentation/hdf5/latest/rel_spec_18.html#subsubsec_rel_spec_18_change_10_new
subsubsec_rel_spec_18_change_11_new	https://support.hdfgroup.org/documentation/hdf5/latest/rel_spec_18.html#subsubsec_rel_spec_18_change_11_new
subsubsec_rel_spec_18_change_12_build	https://support.hdfgroup.org/documentation/hdf5/latest/rel_spec_18.html#subsubsec_rel_spec_18_change_12_build
subsubsec_rel_spec_18_change_12_new	https://support.hdfgroup.org/documentation/hdf5/latest/rel_spec_18.html#subsubsec_rel_spec_18_change_12_new
subsubsec_rel_spec_18_change_13_build	https://support.hdfgroup.org/documentation/hdf5/latest/rel_spec_18.html#subsubsec_rel_spec_18_change_13_build
subsubsec_rel_spec_18_change_13_new	https://support.hdfgroup.org/documentation/hdf5/latest/rel_spec_18.html#subsubsec_rel_spec_18_change_13_new
subsubsec_rel_spec_18_change_14_compat	https://support.hdfgroup.org/documentation/hdf5/latest/rel_spec_18.html#subsubsec_rel_spec_18_change_14_compat
subsubsec_rel_spec_18_change_14_new	https://support.hdfgroup.org/documentation/hdf5/latest/rel_spec_18.html#subsubsec_rel_spec_18_change_14_new
subsubsec_rel_spec_18_change_15_compat	https://support.hdfgroup.org/documentation/hdf5/latest/rel_spec_18.html#subsubsec_rel_spec_18_change_15_compat
subsubsec_rel_spec_18_change_15_new	https://support.hdfgroup.org/documentation/hdf5/latest/rel_spec_18.html#subsubsec_rel_spec_18_change_15_new
subsubsec_rel_spec_18_change_16_compat	https://support.hdfgroup.org/documentation/hdf5/latest/rel_spec_18.html#subsubsec_rel_spec_18_change_16_compat
subsubsec_rel_spec_18_change_16_new	https://support.hdfgroup.org/documentation/hdf5/latest/rel_spec_18.html#subsubsec_rel_spec_18_change_16_new
subsubsec_rel_spec_18_change_17_compat	https://support.hdfgroup.org/documentation/hdf5/latest/rel_spec_18.html#subsubsec_rel_spec_18_change_17_compat
subsubsec_rel_spec_18_change_17_new	https://support.hdfgroup.org/documentation/hdf5/latest/rel_spec_18.html#subsubsec_rel_spec_18_change_17_new
subsubsec_rel_spec_18_change_18_compat	https://support.hdfgroup.org/documentation/hdf5/latest/rel_spec_18.html#subsubsec_rel_spec_18_change_18_compat
subsubsec_rel_spec_18_change_18_new	https://support.hdfgroup.org/documentation/hdf5/latest/rel_spec_18.html#subsubsec_rel_spec_18_change_18_new
subsubsec_rel_spec_18_change_19_compat	https://support.hdfgroup.org/documentation/hdf5/latest/rel_spec_18.html#subsubsec_rel_spec_18_change_19_compat
subsubsec_rel_spec_18_change_19_new	https://support.hdfgroup.org/documentation/hdf5/latest/rel_spec_18.html#subsubsec_rel_spec_18_change_19_new
subsubsec_rel_spec_18_change_1_config	https://support.hdfgroup.org/documentation/hdf5/latest/rel_spec_18.html#subsubsec_rel_spec_18_change_1_config
subsubsec_rel_spec_18_change_1_new	https://support.hdfgroup.org/documentation/hdf5/latest/rel_spec_18.html#subsubsec_rel_spec_18_change_1_new
subsubsec_rel_spec_18_change_1_patch	https://support.hdfgroup.org/documentation/hdf5/latest/rel_spec_18.html#subsubsec_rel_spec_18_change_1_patch
subsubsec_rel_spec_18_change_1_tools	https://support.hdfgroup.org/documentation/hdf5/latest/rel_spec_18.html#subsubsec_rel_spec_18_change_1_tools
subsubsec_rel_spec_18_change_20_compat	https://support.hdfgroup.org/documentation/hdf5/latest/rel_spec_18.html#subsubsec_rel_spec_18_change_20_compat
subsubsec_rel_spec_18_change_20_new	https://support.hdfgroup.org/documentation/hdf5/latest/rel_spec_18.html#subsubsec_rel_spec_18_change_20_new
subsubsec_rel_spec_18_change_21_compat	https://support.hdfgroup.org/documentation/hdf5/latest/rel_spec_18.html#subsubsec_rel_spec_18_change_21_compat
subsubsec_rel_spec_18_change_21_new	https://support.hdfgroup.org/documentation/hdf5/latest/rel_spec_18.html#subsubsec_rel_spec_18_change_21_new
subsubsec_rel_spec_18_change_22_compat	https://support.hdfgroup.org/documentation/hdf5/latest/rel_spec_18.html#subsubsec_rel_spec_18_change_22_compat
subsubsec_rel_spec_18_change_22_new	https://support.hdfgroup.org/documentation/hdf5/latest/rel_spec_18.html#subsubsec_rel_spec_18_change_22_new
subsubsec_rel_spec_18_change_23_compat	https://support.hdfgroup.org/documentation/hdf5/latest/rel_spec_18.html#subsubsec_rel_spec_18_change_23_compat
subsubsec_rel_spec_18_change_23_new	https://support.hdfgroup.org/documentation/hdf5/latest/rel_spec_18.html#subsubsec_rel_spec_18_change_23_new
subsubsec_rel_spec_18_change_2_new	https://support.hdfgroup.org/documentation/hdf5/latest/rel_spec_18.html#subsubsec_rel_spec_18_change_2_new
subsubsec_rel_spec_18_change_3_new	https://support.hdfgroup.org/documentation/hdf5/latest/rel_spec_18.html#subsubsec_rel_spec_18_change_3_new
subsubsec_rel_spec_18_change_4_new	https://support.hdfgroup.org/documentation/hdf5/latest/rel_spec_18.html#subsubsec_rel_spec_18_change_4_new
subsubsec_rel_spec_18_change_5_new	https://support.hdfgroup.org/documentation/hdf5/latest/rel_spec_18.html#subsubsec_rel_spec_18_change_5_new
subsubsec_rel_spec_18_change_7_new	https://support.hdfgroup.org/documentation/hdf5/latest/rel_spec_18.html#subsubsec_rel_spec_18_change_7_new
subsubsec_rel_spec_18_change_8_conf	https://support.hdfgroup.org/documentation/hdf5/latest/rel_spec_18.html#subsubsec_rel_spec_18_change_8_conf
subsubsec_rel_spec_18_change_8_new	https://support.hdfgroup.org/documentation/hdf5/latest/rel_spec_18.html#subsubsec_rel_spec_18_change_8_new
subsubsec_rel_spec_18_change_9_new	https://support.hdfgroup.org/documentation/hdf5/latest/rel_spec_18.html#subsubsec_rel_spec_18_change_9_new
subsubsec_rel_spec_2x_change_20versus14_6	https://support.hdfgroup.org/documentation/hdf5/latest/rel_spec_2x_change.html#subsubsec_rel_spec_2x_change_20versus14_6
subsubsec_rel_spec_2x_change_21versus20	https://support.hdfgroup.org/documentation/hdf5/latest/rel_spec_2x_change.html#subsubsec_rel_spec_2x_change_21versus20
subsubsec_rel_spec_2x_change_22versus21	https://support.hdfgroup.org/documentation/hdf5/latest/rel_spec_2x_change.html#subsubsec_rel_spec_2x_change_22versus21
subsubsec_relver_def_second_one	https://support.hdfgroup.org/documentation/hdf5/latest/_r_e_l_v_e_r_s_i_o_n.html#subsubsec_relver_def_second_one
subsubsec_relver_def_second_two	https://support.hdfgroup.org/documentation/hdf5/latest/_r_e_l_v_e_r_s_i_o_n.html#subsubsec_relver_def_second_two
subsubsec_swmr_doc_apis	https://support.hdfgroup.org/documentation/hdf5/latest/_s_w_m_r_t_n.html#subsubsec_swmr_doc_apis
subsubsec_swmr_doc_design	https://support.hdfgroup.org/documentation/hdf5/latest/_s_w_m_r_t_n.html#subsubsec_swmr_doc_design
subsubsec_swmr_doc_guide	https://support.hdfgroup.org/documentation/hdf5/latest/_s_w_m_r_t_n.html#subsubsec_swmr_doc_guide
subsubsec_swmr_doc_tools	https://support.hdfgroup.org/documentation/hdf5/latest/_s_w_m_r_t_n.html#subsubsec_swmr_doc_tools
subsubsec_swmr_model_reader	https://support.hdfgroup.org/documentation/hdf5/latest/_s_w_m_r_t_n.html#subsubsec_swmr_model_reader
subsubsec_swmr_model_writer	https://support.hdfgroup.org/documentation/hdf5/latest/_s_w_m_r_t_n.html#subsubsec_swmr_model_writer
subsubsec_tsafe_app_E1	https://support.hdfgroup.org/documentation/hdf5/latest/thread-safe-lib.html#subsubsec_tsafe_app_E1
subsubsec_tsafe_app_E2	https://support.hdfgroup.org/documentation/hdf5/latest/thread-safe-lib.html#subsubsec_tsafe_app_E2
subsubsec_tsafe_app_E3	https://support.hdfgroup.org/documentation/hdf5/latest/thread-safe-lib.html#subsubsec_tsafe_app_E3
subsubsec_tsafe_app_E4	https://support.hdfgroup.org/documentation/hdf5/latest/thread-safe-lib.html#subsubsec_tsafe_app_E4
subsubsec_tsafe_app_E5	https://support.hdfgroup.org/documentation/hdf5/latest/thread-safe-lib.html#subsubsec_tsafe_app_E5
subsubsec_tsafe_app_E6	https://support.hdfgroup.org/documentation/hdf5/latest/thread-safe-lib.html#subsubsec_tsafe_app_E6
subsubsec_tsafe_app_E7	https://support.hdfgroup.org/documentation/hdf5/latest/thread-safe-lib.html#subsubsec_tsafe_app_E7
subsubsec_tsafe_app_E8	https://support.hdfgroup.org/documentation/hdf5/latest/thread-safe-lib.html#subsubsec_tsafe_app_E8
subsubsec_tsafe_app_E9	https://support.hdfgroup.org/documentation/hdf5/latest/thread-safe-lib.html#subsubsec_tsafe_app_E9
subsubsec_vol_adapt_api	https://support.hdfgroup.org/documentation/hdf5/latest/_h5_v_l__u_g.html#subsubsec_vol_adapt_api
subsubsec_vol_adapt_native	https://support.hdfgroup.org/documentation/hdf5/latest/_h5_v_l__u_g.html#subsubsec_vol_adapt_native
subsubsec_vol_adapt_token	https://support.hdfgroup.org/documentation/hdf5/latest/_h5_v_l__u_g.html#subsubsec_vol_adapt_token
subsubsec_vol_compat_indep	https://support.hdfgroup.org/documentation/hdf5/latest/_h5_v_l__u_g.html#subsubsec_vol_compat_indep
subsubsec_vol_compat_native	https://support.hdfgroup.org/documentation/hdf5/latest/_h5_v_l__u_g.html#subsubsec_vol_compat_native
subsubsec_vol_compat_opt	https://support.hdfgroup.org/documentation/hdf5/latest/_h5_v_l__u_g.html#subsubsec_vol_compat_opt
subsubsec_vol_connect_env	https://support.hdfgroup.org/documentation/hdf5/latest/_h5_v_l__u_g.html#subsubsec_vol_connect_env
subsubsec_vol_connect_param	https://support.hdfgroup.org/documentation/hdf5/latest/_h5_v_l__u_g.html#subsubsec_vol_connect_param
subsubsec_vol_connect_reg_calls	https://support.hdfgroup.org/documentation/hdf5/latest/_h5_v_l__u_g.html#subsubsec_vol_connect_reg_calls
subsubsec_vol_connect_register	https://support.hdfgroup.org/documentation/hdf5/latest/_h5_v_l__u_g.html#subsubsec_vol_connect_register
subsubsec_vol_connect_search	https://support.hdfgroup.org/documentation/hdf5/latest/_h5_v_l__u_g.html#subsubsec_vol_connect_search
subsubsec_vol_connect_set_vol	https://support.hdfgroup.org/documentation/hdf5/latest/_h5_v_l__u_g.html#subsubsec_vol_connect_set_vol
subsubsec_vol_connect_version	https://support.hdfgroup.org/documentation/hdf5/latest/_h5_v_l__u_g.html#subsubsec_vol_connect_version
subsubsec_vol_lang_c	https://support.hdfgroup.org/documentation/hdf5/latest/_h5_v_l__u_g.html#subsubsec_vol_lang_c
subsubsec_vol_lang_fort	https://support.hdfgroup.org/documentation/hdf5/latest/_h5_v_l__u_g.html#subsubsec_vol_lang_fort
subsubsec_vol_lang_java	https://support.hdfgroup.org/documentation/hdf5/latest/_h5_v_l__u_g.html#subsubsec_vol_lang_java
subsubsec_vol_quick_opt	https://support.hdfgroup.org/documentation/hdf5/latest/_h5_v_l__u_g.html#subsubsec_vol_quick_opt
subsubsec_vol_quick_plugin	https://support.hdfgroup.org/documentation/hdf5/latest/_h5_v_l__u_g.html#subsubsec_vol_quick_plugin
subsubsec_vol_quick_read	https://support.hdfgroup.org/documentation/hdf5/latest/_h5_v_l__u_g.html#subsubsec_vol_quick_read
subsubsec_vol_quick_set	https://support.hdfgroup.org/documentation/hdf5/latest/_h5_v_l__u_g.html#subsubsec_vol_quick_set
subsubsec_vol_quick_update	https://support.hdfgroup.org/documentation/hdf5/latest/_h5_v_l__u_g.html#subsubsec_vol_quick_update
subsubsec_vol_quick_use	https://support.hdfgroup.org/documentation/hdf5/latest/_h5_v_l__u_g.html#subsubsec_vol_quick_use
summary	https://support.hdfgroup.org/documentation/hdf5/latest/api-compat-macros.html#summary
susubsecLBDsetLayoutChunkProb	https://support.hdfgroup.org/documentation/hdf5/latest/_l_b_dset_layout.html#susubsecLBDsetLayoutChunkProb
susubsecLBDsetLayoutChunkWhy	https://support.hdfgroup.org/documentation/hdf5/latest/_l_b_dset_layout.html#susubsecLBDsetLayoutChunkWhy
table_file_drivers	https://support.hdfgroup.org/documentation/hdf5/latest/_h5_f__u_g.html#table_file_drivers
table_plist	https://support.hdfgroup.org/documentation/hdf5/latest/_h5_p__u_g.html#table_plist
trouble	https://support.hdfgroup.org/documentation/hdf5/latest/_t_n_m_d_c.html#trouble
use-case	https://support.hdfgroup.org/documentation/hdf5/latest/api-compat-macros.html#use-case
using	https://support.hdfgroup.org/documentation/hdf5/latest/api-compat-macros.html#using
